ASV_ID,kingdom,phylum,class,order,family,genus,species_final,species_final_collapse,species_original,habitat,validation_decision,decision_reason,best_db_match,best_db_match_pct,species_final_redund
ASV1,Eukaryota,Chordata,Actinopteri,Salmoniformes,Salmonidae,Salmo,Salmo 1,Salmo 1,Salmo macrostigma,marine/brackish/freshwater,DROP_TO_GENUS,2144km away; local congener(s) match equally - likely local species,Salmo macrostigma,100.0,Salmo
ASV2,Eukaryota,Chordata,Actinopteri,Clupeiformes,Clupeidae,Clupea,Clupea 1,Clupea 1,,marine/brackish/freshwater,DROP_TO_GENUS,"Unhandled case: occ=None, db=GENUS_ONLY",Clupea pallasii,99.4,Clupea
ASV3,Eukaryota,Chordata,Actinopteri,Labriformes,Labridae,Ctenolabrus,Ctenolabrus rupestris 1,Ctenolabrus rupestris,Ctenolabrus rupestris,marine,KEEP,Geographic CONFIRMED + sequence match (100.0%),Ctenolabrus rupestris,100.0,Ctenolabrus rupestris
ASV4,Eukaryota,Chordata,Actinopteri,Labriformes,Labridae,Ctenolabrus,Ctenolabrus rupestris 2,Ctenolabrus rupestris,Ctenolabrus rupestris,marine,KEEP,Geographic CONFIRMED + sequence match (100.0%),Ctenolabrus rupestris,100.0,Ctenolabrus rupestris
ASV5,Eukaryota,Chordata,Actinopteri,Clupeiformes,Clupeidae,Clupea,Clupea harengus 1,Clupea harengus,Clupea harengus,marine/brackish,KEEP,Geographic CONFIRMED + sequence match (100.0%),Clupea harengus,100.0,Clupea harengus
ASV6,Eukaryota,Chordata,Actinopteri,Cypriniformes,Leuciscidae,Phoxinus,Phoxinus 1,Phoxinus 1,,brackish/freshwater,DROP_TO_GENUS,"Unhandled case: occ=None, db=GENUS_ONLY",Phoxinus fayollarum,98.3,Phoxinus
ASV7,Eukaryota,Chordata,Actinopteri,Gadiformes,Gadidae,Pollachius,Pollachius virens 1,Pollachius virens,Pollachius virens,marine,KEEP,Geographic CONFIRMED + sequence match (100.0%),Pollachius virens,100.0,Pollachius virens
ASV8,Eukaryota,Chordata,Actinopteri,Clupeiformes,Clupeidae,Clupea,Clupea 2,Clupea 2,Clupea pallasii,marine/brackish/freshwater,DROP_TO_GENUS,800km from known range with 60 local congener(s),Clupea pallasii,100.0,Clupea
ASV9,Eukaryota,Chordata,Actinopteri,Salmoniformes,Salmonidae,Salmo,Salmo salar 1,Salmo salar,Salmo salar,marine/brackish/freshwater,KEEP,Geographic CONFIRMED + sequence match (100.0%),Salmo salar,100.0,Salmo salar
ASV10,Eukaryota,Chordata,Actinopteri,Scombriformes,Scombridae,Scomber,Scomber scombrus 1,Scomber scombrus,Scomber scombrus,marine/brackish,KEEP,Geographic CONFIRMED + sequence match (100.0%),Scomber scombrus,100.0,Scomber scombrus
ASV11,Eukaryota,Chordata,Actinopteri,Perciformes,Pholidae,Pholis,Pholis gunnellus 1,Pholis gunnellus,Pholis gunnellus,marine/brackish,KEEP,Geographic CONFIRMED + sequence match (100.0%),Pholis gunnellus,100.0,Pholis gunnellus
ASV12,Eukaryota,Chordata,Actinopteri,Perciformes,Gasterosteidae,Gasterosteus,Gasterosteus aculeatus 1,Gasterosteus aculeatus,Gasterosteus aculeatus,marine/brackish/freshwater,KEEP,Geographic CONFIRMED + sequence match (100.0%),Gasterosteus aculeatus,100.0,Gasterosteus aculeatus
ASV13,Eukaryota,Chordata,Actinopteri,Clupeiformes,Clupeidae,Clupea,Clupea sp. cf. harengus 1,Clupea sp. cf. harengus 1,Clupea harengus,marine/brackish/freshwater,DROP_TO_GENUS,Geographic CONFIRMED but missing congeners in DB - cannot validate,Clupea harengus,98.8,Clupea sp. cf. harengus
ASV14,Eukaryota,Chordata,Actinopteri,Gadiformes,Merlucciidae,Merluccius,Merluccius merluccius 1,Merluccius merluccius,Merluccius merluccius,marine,KEEP,Geographic CONFIRMED + sequence match (100.0%),Merluccius merluccius,100.0,Merluccius merluccius
ASV15,Eukaryota,Chordata,Mammalia,Primates,Hominidae,Homo,Homo sapiens 1,Homo sapiens,Homo sapiens,terrestrial,KEEP,Geographic CONFIRMED + sequence match (100.0%),Homo sapiens,100.0,Homo sapiens
ASV16,Eukaryota,Chordata,Actinopteri,Gadiformes,Lotidae,Molva,Molva molva 1,Molva molva,Molva molva,marine,KEEP,Geographic CONFIRMED + sequence match (100.0%),Molva molva,100.0,Molva molva
ASV17,Eukaryota,Chordata,Actinopteri,Pleuronectiformes,Pleuronectidae,Platichthys,Platichthys 1,Platichthys 1,Platichthys stellatus,marine/brackish/freshwater,DROP_TO_GENUS,4573km from known range with 3 local congener(s),Platichthys stellatus,100.0,Platichthys
ASV18,Eukaryota,Chordata,Actinopteri,Clupeiformes,Clupeidae,Clupea,Clupea sp. cf. harengus 2,Clupea sp. cf. harengus 2,Clupea harengus,marine/brackish/freshwater,DROP_TO_GENUS,Geographic CONFIRMED but missing congeners in DB - cannot validate,Clupea harengus,99.4,Clupea sp. cf. harengus
ASV19,Eukaryota,Chordata,Actinopteri,Gadiformes,Gadidae,Pollachius,Pollachius pollachius 1,Pollachius pollachius,Pollachius virens,marine,REASSIGN,Pollachius pollachius matches 100.0% vs assigned 99.4% (+0.6%),Pollachius pollachius,100.0,Pollachius pollachius
ASV20,Eukaryota,Chordata,Actinopteri,Labriformes,Labridae,Labrus,Labrus mixtus 1,Labrus mixtus,Labrus mixtus,marine,KEEP,Geographic CONFIRMED + sequence match (100.0%),Labrus mixtus,100.0,Labrus mixtus
ASV21,Eukaryota,Chordata,Actinopteri,Labriformes,Labridae,Labrus,Labrus bergylta 1,Labrus bergylta,Labrus bergylta,marine,KEEP,Geographic CONFIRMED + sequence match (100.0%),Labrus bergylta,100.0,Labrus bergylta
ASV22,Eukaryota,Chordata,Actinopteri,Gadiformes,Gadidae,Gadus,Gadus morhua 1,Gadus morhua,Gadus morhua,marine/brackish,KEEP,"Geographic CONFIRMED, 100.0% match (monotypic/rare genus)",Gadus morhua,100.0,Gadus morhua
ASV23,Eukaryota,Chordata,Actinopteri,Salmoniformes,Salmonidae,Salvelinus,Salvelinus 1,Salvelinus 1,Salvelinus curilus,marine/brackish/freshwater,DROP_TO_GENUS,3593km away; local congener(s) match equally - likely local species,Salvelinus curilus,100.0,Salvelinus
ASV24,Eukaryota,Chordata,Actinopteri,Pleuronectiformes,Scophthalmidae,Zeugopterus,Zeugopterus punctatus 1,Zeugopterus punctatus,Zeugopterus punctatus,marine,KEEP,Geographic CONFIRMED + sequence match (100.0%),Zeugopterus punctatus,100.0,Zeugopterus punctatus
ASV25,Eukaryota,Chordata,Actinopteri,Gadiformes,Lotidae,Lota,Lota lota 1,Lota lota,Lota lota,brackish/freshwater,KEEP,Geographic CONFIRMED + sequence match (100.0%),Lota lota,100.0,Lota lota
ASV26,Eukaryota,Chordata,Actinopteri,Pleuronectiformes,Scophthalmidae,Zeugopterus,Zeugopterus norvegicus 1,Zeugopterus norvegicus,Zeugopterus norvegicus,marine,KEEP,Geographic CONFIRMED + sequence match (100.0%),Zeugopterus norvegicus,100.0,Zeugopterus norvegicus
ASV27,Eukaryota,Chordata,Actinopteri,Gadiformes,Gaidropsaridae,Gaidropsaridae,Gaidropsaridae 1,Gaidropsaridae 1,,marine/brackish,DROP_TO_GENUS,"Unhandled case: occ=None, db=GENUS_ONLY_NO_REF",,,Gaidropsaridae
ASV28,Eukaryota,Chordata,Actinopteri,Perciformes,Cottidae,Myoxocephalus,Myoxocephalus quadricornis 1,Myoxocephalus quadricornis,Myoxocephalus quadricornis,marine/brackish/freshwater,KEEP,Geographic PLAUSIBLE + sequence match (100.0%),Myoxocephalus quadricornis,100.0,Myoxocephalus quadricornis
ASV29,Eukaryota,Chordata,Actinopteri,Gobiiformes,Gobiidae,Pomatoschistus,Pomatoschistus pictus 1,Pomatoschistus pictus,Pomatoschistus pictus,marine,KEEP,Geographic CONFIRMED + sequence match (100.0%),Pomatoschistus pictus,100.0,Pomatoschistus pictus
ASV30,Eukaryota,Chordata,Actinopteri,Gadiformes,Gadidae,Raniceps,Raniceps raninus 1,Raniceps raninus,Raniceps raninus,marine/brackish,KEEP,Geographic CONFIRMED + sequence match (100.0%),Raniceps raninus,100.0,Raniceps raninus
ASV31,Eukaryota,Chordata,Actinopteri,Labriformes,Labridae,Symphodus,Symphodus melops 1,Symphodus melops,Symphodus melops,marine,KEEP,Geographic CONFIRMED + sequence match (100.0%),Symphodus melops,100.0,Symphodus melops
ASV32,Eukaryota,Chordata,Actinopteri,Salmoniformes,Salmonidae,Salmo,Salmo 2,Salmo 2,Salmo labrax,marine/brackish/freshwater,DROP_TO_GENUS,1765km away; local congener(s) match equally - likely local species,Salmo labrax,100.0,Salmo
ASV33,Eukaryota,Chordata,Actinopteri,Scombriformes,Scombridae,Scomber,Scomber sp. cf. scombrus 1,Scomber sp. cf. scombrus 1,Scomber scombrus,marine/brackish/freshwater,DROP_TO_GENUS,Geographic CONFIRMED but missing congeners in DB - cannot validate,Scomber scombrus,99.4,Scomber sp. cf. scombrus
ASV34,Eukaryota,Chordata,Actinopteri,Clupeiformes,Clupeidae,Clupea,Clupea sp. cf. harengus 3,Clupea sp. cf. harengus 3,Clupea harengus,marine/brackish/freshwater,DROP_TO_GENUS,Geographic CONFIRMED but missing congeners in DB - cannot validate,Clupea harengus,99.4,Clupea sp. cf. harengus
ASV35,Eukaryota,Chordata,Actinopteri,Pleuronectiformes,Pleuronectidae,Glyptocephalus,Glyptocephalus 1,Glyptocephalus 1,Glyptocephalus zachirus,marine,DROP_TO_GENUS,Geographic DOUBTFUL + DB NO_CONGENERS,Glyptocephalus zachirus,99.4,Glyptocephalus
ASV36,Eukaryota,Chordata,Actinopteri,Gobiiformes,Gobiidae,Gobiusculus,Gobiusculus flavescens 1,Gobiusculus flavescens,Gobiusculus flavescens,marine/brackish,KEEP,Geographic CONFIRMED + sequence match (100.0%),Gobiusculus flavescens,100.0,Gobiusculus flavescens
ASV37,Eukaryota,Chordata,Actinopteri,Cypriniformes,Leuciscidae,Phoxinus,Phoxinus 2,Phoxinus 2,,brackish/freshwater,DROP_TO_GENUS,"Unhandled case: occ=None, db=GENUS_ONLY",Phoxinus fayollarum,98.3,Phoxinus
ASV38,Eukaryota,Chordata,Actinopteri,Pleuronectiformes,Pleuronectidae,Pleuronectidae,Pleuronectidae 1,Pleuronectidae 1,,marine/brackish/freshwater,DROP_TO_GENUS,"Unhandled case: occ=None, db=GENUS_ONLY_NO_REF",,,Pleuronectidae
ASV39,Eukaryota,Chordata,Actinopteri,Cypriniformes,Leuciscidae,Phoxinus,Phoxinus 3,Phoxinus 3,,brackish/freshwater,DROP_TO_GENUS,"Unhandled case: occ=None, db=GENUS_ONLY",Phoxinus fayollarum,97.7,Phoxinus
ASV40,Eukaryota,Chordata,Actinopteri,Clupeiformes,Clupeidae,Clupea,Clupea sp. cf. harengus 4,Clupea sp. cf. harengus 4,Clupea harengus,marine/brackish/freshwater,DROP_TO_GENUS,Geographic CONFIRMED but missing congeners in DB - cannot validate,Clupea pallasii,98.8,Clupea sp. cf. harengus
ASV41,Eukaryota,Chordata,Actinopteri,Clupeiformes,Clupeidae,Clupea,Clupea 3,Clupea 3,,marine/brackish/freshwater,DROP_TO_GENUS,"Unhandled case: occ=None, db=GENUS_ONLY",Clupea pallasii,98.8,Clupea
ASV42,Eukaryota,Chordata,Actinopteri,Gadiformes,Lotidae,Ciliata,Ciliata mustela 1,Ciliata mustela,Ciliata mustela,marine,KEEP,Geographic CONFIRMED + sequence match (100.0%),Ciliata mustela,100.0,Ciliata mustela
ASV43,Eukaryota,Chordata,Actinopteri,Cypriniformes,Leuciscidae,Phoxinus,Phoxinus 4,Phoxinus 4,,brackish/freshwater,DROP_TO_GENUS,"Unhandled case: occ=None, db=GENUS_ONLY",Phoxinus fayollarum,97.7,Phoxinus
ASV44,Eukaryota,Chordata,Actinopteri,Gadiformes,Gadidae,Gadiculus,Gadiculus argenteus 1,Gadiculus argenteus,Gadiculus argenteus,marine,KEEP,Geographic CONFIRMED + sequence match (100.0%),Gadiculus argenteus,100.0,Gadiculus argenteus
ASV45,Eukaryota,Chordata,Actinopteri,Clupeiformes,Clupeidae,Clupea,Clupea sp. cf. harengus 5,Clupea sp. cf. harengus 5,Clupea harengus,marine/brackish/freshwater,DROP_TO_GENUS,Geographic CONFIRMED but missing congeners in DB - cannot validate,Clupea harengus,99.4,Clupea sp. cf. harengus
ASV46,Eukaryota,Chordata,Actinopteri,Gadiformes,Gadidae,Trisopterus,Trisopterus minutus 1,Trisopterus minutus,Trisopterus minutus,marine,KEEP,Geographic CONFIRMED + sequence match (100.0%),Trisopterus minutus,100.0,Trisopterus minutus
ASV47,Eukaryota,Chordata,Actinopteri,Labriformes,Labridae,Centrolabrus,Centrolabrus exoletus 1,Centrolabrus exoletus,Centrolabrus exoletus,marine,KEEP,Geographic CONFIRMED + sequence match (100.0%),Centrolabrus exoletus,100.0,Centrolabrus exoletus
ASV48,Eukaryota,Chordata,Actinopteri,Lophiiformes,Lophiidae,Lophius,Lophius piscatorius 1,Lophius piscatorius,Lophius piscatorius,marine,KEEP,Geographic CONFIRMED + sequence match (100.0%),Lophius piscatorius,100.0,Lophius piscatorius
ASV49,Eukaryota,Chordata,Mammalia,Artiodactyla,Bovidae,Bos,Bos primigenius 1,Bos primigenius,Bos primigenius,freshwater/terrestrial,KEEP,Geographic CONFIRMED + sequence match (100.0%),Bos primigenius,100.0,Bos primigenius
ASV50,Eukaryota,Chordata,Actinopteri,Perciformes,Zoarcidae,Zoarces,Zoarces 1,Zoarces 1,,marine/brackish,DROP_TO_GENUS,"Unhandled case: occ=None, db=GENUS_ONLY",Zoarces viviparus,100.0,Zoarces
ASV51,Eukaryota,Chordata,Actinopteri,Anguilliformes,Anguillidae,Anguilla,Anguilla anguilla 1,Anguilla anguilla,Anguilla anguilla,marine/brackish/freshwater,KEEP,"Geographic CONFIRMED, 100.0% match (monotypic/rare genus)",Anguilla anguilla,100.0,Anguilla anguilla
ASV52,Eukaryota,Chordata,Actinopteri,Labriformes,Labridae,Ctenolabrus,Ctenolabrus sp. cf. rupestris 1,Ctenolabrus sp. cf. rupestris 1,Ctenolabrus rupestris,marine/brackish,DROP_TO_GENUS,Geographic CONFIRMED but missing congeners in DB - cannot validate,Ctenolabrus rupestris,99.4,Ctenolabrus sp. cf. rupestris
ASV53,Eukaryota,Chordata,Actinopteri,Cypriniformes,Leuciscidae,Phoxinus,Phoxinus 5,Phoxinus 5,,brackish/freshwater,DROP_TO_GENUS,"Unhandled case: occ=None, db=GENUS_ONLY",Phoxinus fayollarum,97.7,Phoxinus
ASV54,Eukaryota,Chordata,Actinopteri,Labriformes,Labridae,Ctenolabrus,Ctenolabrus sp. cf. rupestris 2,Ctenolabrus sp. cf. rupestris 2,Ctenolabrus rupestris,marine/brackish,DROP_TO_GENUS,Geographic CONFIRMED but missing congeners in DB - cannot validate,Ctenolabrus rupestris,99.4,Ctenolabrus sp. cf. rupestris
ASV55,Eukaryota,Chordata,Actinopteri,Gadiformes,Lotidae,Ciliata,Ciliata septentrionalis 1,Ciliata septentrionalis,Ciliata septentrionalis,marine/brackish,KEEP,Geographic PLAUSIBLE + sequence match (100.0%),Ciliata septentrionalis,100.0,Ciliata septentrionalis
ASV56,Eukaryota,Chordata,Actinopteri,Perciformes,Triglidae,Chelidonichthys,Chelidonichthys 1,Chelidonichthys 1,Chelidonichthys spinosus,marine/brackish,DROP_TO_GENUS,1379km away; local congener(s) match equally - likely local species,Chelidonichthys spinosus,100.0,Chelidonichthys
ASV57,Eukaryota,Chordata,Actinopteri,Clupeiformes,Clupeidae,Clupea,Clupea 4,Clupea 4,Clupea pallasii,marine/brackish/freshwater,DROP_TO_GENUS,800km from known range with 60 local congener(s),Clupea pallasii,99.4,Clupea
ASV58,Eukaryota,Chordata,Actinopteri,Perciformes,Sebastidae,Sebastes,Sebastes viviparus 1,Sebastes viviparus,Sebastes viviparus,marine,KEEP,Geographic CONFIRMED + sequence match (100.0%),Sebastes viviparus,100.0,Sebastes viviparus
ASV59,Eukaryota,Chordata,Actinopteri,Perciformes,Cottidae,Taurulus,Taurulus bubalis 1,Taurulus bubalis,Taurulus bubalis,marine/brackish,KEEP,Geographic CONFIRMED + sequence match (100.0%),Taurulus bubalis,100.0,Taurulus bubalis
ASV60,Eukaryota,Chordata,Actinopteri,Clupeiformes,Clupeidae,Clupea,Clupea sp. cf. harengus 6,Clupea sp. cf. harengus 6,Clupea harengus,marine/brackish/freshwater,DROP_TO_GENUS,Geographic CONFIRMED but missing congeners in DB - cannot validate,Clupea harengus,99.4,Clupea sp. cf. harengus
ASV61,Eukaryota,Chordata,Actinopteri,Clupeiformes,Clupeidae,Clupea,Clupea sp. cf. harengus 7,Clupea sp. cf. harengus 7,Clupea harengus,marine/brackish/freshwater,DROP_TO_GENUS,Geographic CONFIRMED but missing congeners in DB - cannot validate,Clupea harengus,99.4,Clupea sp. cf. harengus
ASV62,Eukaryota,Chordata,Actinopteri,Labriformes,Labridae,Labrus,Labrus sp. cf. mixtus 1,Labrus sp. cf. mixtus 1,Labrus mixtus,marine,DROP_TO_GENUS,Geographic CONFIRMED but missing congeners in DB - cannot validate,Labrus mixtus,99.4,Labrus sp. cf. mixtus
ASV63,Eukaryota,Chordata,Actinopteri,Gadiformes,Lotidae,Brosme,Brosme brosme 1,Brosme brosme,Brosme brosme,marine,KEEP,Geographic CONFIRMED + sequence match (100.0%),Brosme brosme,100.0,Brosme brosme
ASV64,Eukaryota,Chordata,Actinopteri,Clupeiformes,Clupeidae,Clupea,Clupea sp. cf. harengus 8,Clupea sp. cf. harengus 8,Clupea harengus,marine/brackish/freshwater,DROP_TO_GENUS,Geographic CONFIRMED but missing congeners in DB - cannot validate,Clupea harengus,99.4,Clupea sp. cf. harengus
ASV65,Eukaryota,Chordata,Actinopteri,Gadiformes,Gadidae,Pollachius,Pollachius virens 2,Pollachius virens,Pollachius virens,marine,KEEP,Geographic CONFIRMED + sequence match (99.4%),Pollachius virens,99.4,Pollachius virens
ASV66,Eukaryota,Chordata,Actinopteri,Gadiformes,Lotidae,Brosme,Brosme sp. cf. brosme 1,Brosme sp. cf. brosme 1,Brosme brosme,marine,DROP_TO_GENUS,Geographic CONFIRMED but missing congeners in DB - cannot validate,Brosme brosme,99.4,Brosme sp. cf. brosme
ASV67,Eukaryota,Chordata,Actinopteri,Clupeiformes,Clupeidae,Clupea,Clupea sp. cf. harengus 9,Clupea sp. cf. harengus 9,Clupea harengus,marine/brackish/freshwater,DROP_TO_GENUS,Geographic CONFIRMED but missing congeners in DB - cannot validate,Clupea harengus,99.4,Clupea sp. cf. harengus
ASV68,Eukaryota,Chordata,Actinopteri,Perciformes,Sebastidae,Sebastes,Sebastes mentella 1,Sebastes mentella,Sebastes mentella,marine,KEEP,Geographic CONFIRMED + sequence match (100.0%),Sebastes mentella,100.0,Sebastes mentella
ASV69,Eukaryota,Chordata,Aves,Anseriformes,Anatidae,Anas,Anas 1,Anas 1,,marine/brackish/freshwater/terrestrial,DROP_TO_GENUS,"Unhandled case: occ=None, db=GENUS_ONLY",Anas diazi,99.5,Anas
ASV70,Eukaryota,Chordata,Aves,Anseriformes,Anatidae,Somateria,Somateria mollissima 1,Somateria mollissima,Somateria mollissima,marine/terrestrial,KEEP,Geographic CONFIRMED + sequence match (100.0%),Somateria mollissima,100.0,Somateria mollissima
ASV71,Eukaryota,Chordata,Aves,Anseriformes,Anatidae,Anas,Anas 2,Anas 2,Anas poecilorhyncha,marine/brackish/freshwater/terrestrial,DROP_TO_GENUS,1045km away; local congener(s) match equally - likely local species,Anas poecilorhyncha,100.0,Anas
ASV72,Eukaryota,Chordata,Actinopteri,Perciformes,Cottidae,Myoxocephalus,Myoxocephalus sp. cf. quadricornis 1,Myoxocephalus sp. cf. quadricornis 1,Myoxocephalus quadricornis,marine/brackish/freshwater,DROP_TO_GENUS,Geographic PLAUSIBLE but missing congeners in DB - cannot validate,Myoxocephalus quadricornis,99.4,Myoxocephalus sp. cf. quadricornis
ASV73,Eukaryota,Chordata,Actinopteri,Gadiformes,Lotidae,Molva,Molva sp. cf. molva 1,Molva sp. cf. molva 1,Molva molva,marine,DROP_TO_GENUS,Geographic CONFIRMED but missing congeners in DB - cannot validate,Molva molva,99.4,Molva sp. cf. molva
ASV74,Eukaryota,Chordata,Actinopteri,Cypriniformes,Leuciscidae,Phoxinus,Phoxinus 6,Phoxinus 6,,brackish/freshwater,DROP_TO_GENUS,"Unhandled case: occ=None, db=GENUS_ONLY",Phoxinus fayollarum,97.7,Phoxinus
ASV75,Eukaryota,Chordata,Actinopteri,Clupeiformes,Clupeidae,Clupea,Clupea harengus 2,Clupea harengus,Clupea harengus,marine/brackish,KEEP,Better DB match (Clupea pallasii 99.4%) not local; keeping 98.8% match,Clupea pallasii,99.4,Clupea harengus
ASV76,Eukaryota,Chordata,Actinopteri,Perciformes,Cottidae,Myoxocephalus,Myoxocephalus sp. cf. quadricornis 2,Myoxocephalus sp. cf. quadricornis 2,Myoxocephalus quadricornis,marine/brackish/freshwater,DROP_TO_GENUS,Geographic PLAUSIBLE but missing congeners in DB - cannot validate,Myoxocephalus quadricornis,98.8,Myoxocephalus sp. cf. quadricornis
ASV77,Eukaryota,Chordata,Actinopteri,Cypriniformes,Leuciscidae,Phoxinus,Phoxinus 7,Phoxinus 7,,brackish/freshwater,DROP_TO_GENUS,"Unhandled case: occ=None, db=GENUS_ONLY",Phoxinus fayollarum,97.7,Phoxinus
ASV78,Eukaryota,Chordata,Actinopteri,Labriformes,Labridae,Ctenolabrus,Ctenolabrus sp. cf. rupestris 3,Ctenolabrus sp. cf. rupestris 3,Ctenolabrus rupestris,marine/brackish,DROP_TO_GENUS,Geographic CONFIRMED but missing congeners in DB - cannot validate,Ctenolabrus rupestris,99.4,Ctenolabrus sp. cf. rupestris
ASV79,Eukaryota,Chordata,Actinopteri,Clupeiformes,Clupeidae,Clupea,Clupea sp. cf. harengus 10,Clupea sp. cf. harengus 10,Clupea harengus,marine/brackish/freshwater,DROP_TO_GENUS,Geographic CONFIRMED but missing congeners in DB - cannot validate,Clupea harengus,99.4,Clupea sp. cf. harengus
ASV80,Eukaryota,Chordata,Actinopteri,Pleuronectiformes,Scophthalmidae,Zeugopterus,Zeugopterus punctatus 2,Zeugopterus punctatus,Zeugopterus punctatus,marine,KEEP,Geographic CONFIRMED + sequence match (100.0%),Zeugopterus punctatus,100.0,Zeugopterus punctatus
ASV81,Eukaryota,Chordata,Actinopteri,Gobiiformes,Gobiidae,Gobiidae,Gobiidae 1,Gobiidae 1,,marine/brackish/freshwater,DROP_TO_GENUS,"Unhandled case: occ=None, db=GENUS_ONLY_NO_REF",,,Gobiidae
ASV82,Eukaryota,Chordata,Aves,Passeriformes,Turdidae,Turdus,Turdus 1,Turdus 1,Turdus abyssinicus,terrestrial,DROP_TO_GENUS,6495km away; local congener(s) match equally - likely local species,Turdus abyssinicus,98.4,Turdus
ASV83,Eukaryota,Chordata,Actinopteri,Blenniiformes,Blenniidae,Lipophrys,Lipophrys pholis 1,Lipophrys pholis,Lipophrys pholis,marine,KEEP,Geographic CONFIRMED + sequence match (100.0%),Lipophrys pholis,100.0,Lipophrys pholis
ASV84,Eukaryota,Chordata,Actinopteri,Labriformes,Labridae,Labrus,Labrus sp. cf. mixtus 2,Labrus sp. cf. mixtus 2,Labrus mixtus,marine,DROP_TO_GENUS,Geographic CONFIRMED but missing congeners in DB - cannot validate,Labrus mixtus,99.4,Labrus sp. cf. mixtus
ASV85,Eukaryota,Chordata,Actinopteri,Scombriformes,Scombridae,Scomber,Scomber sp. cf. scombrus 2,Scomber sp. cf. scombrus 2,Scomber scombrus,marine/brackish/freshwater,DROP_TO_GENUS,Geographic CONFIRMED but missing congeners in DB - cannot validate,Scomber scombrus,99.4,Scomber sp. cf. scombrus
ASV86,Eukaryota,Chordata,Mammalia,Primates,Hominidae,Homo,Homo sp. cf. sapiens 1,Homo sp. cf. sapiens 1,Homo sapiens,terrestrial,DROP_TO_GENUS,Geographic CONFIRMED but missing congeners in DB - cannot validate,Homo sapiens,99.4,Homo sp. cf. sapiens
ASV87,Eukaryota,Chordata,Actinopteri,Actinopteri,Actinopteri,Actinopteri,Actinopteri 1,Actinopteri 1,,marine/brackish/freshwater,DROP_TO_GENUS,"Unhandled case: occ=None, db=GENUS_ONLY_NO_REF",,,Actinopteri
ASV88,Eukaryota,Chordata,Actinopteri,Clupeiformes,Clupeidae,Clupea,Clupea sp. cf. harengus 11,Clupea sp. cf. harengus 11,Clupea harengus,marine/brackish/freshwater,DROP_TO_GENUS,Geographic CONFIRMED but missing congeners in DB - cannot validate,Clupea harengus,98.8,Clupea sp. cf. harengus
ASV89,Eukaryota,Chordata,Actinopteri,Pleuronectiformes,Scophthalmidae,Lepidorhombus,Lepidorhombus whiffiagonis 1,Lepidorhombus whiffiagonis,Lepidorhombus whiffiagonis,marine,KEEP,Geographic CONFIRMED + sequence match (100.0%),Lepidorhombus whiffiagonis,100.0,Lepidorhombus whiffiagonis
ASV90,Eukaryota,Chordata,Actinopteri,Gadiformes,Lotidae,Molva,Molva sp. cf. molva 2,Molva sp. cf. molva 2,Molva molva,marine,DROP_TO_GENUS,Geographic CONFIRMED but missing congeners in DB - cannot validate,Molva molva,99.4,Molva sp. cf. molva
ASV91,Eukaryota,Chordata,Actinopteri,Clupeiformes,Clupeidae,Clupea,Clupea 5,Clupea 5,Clupea pallasii,marine/brackish/freshwater,DROP_TO_GENUS,800km from known range with 60 local congener(s),Clupea pallasii,98.8,Clupea
ASV92,Eukaryota,Chordata,Actinopteri,Cypriniformes,Leuciscidae,Phoxinus,Phoxinus 8,Phoxinus 8,,brackish/freshwater,DROP_TO_GENUS,"Unhandled case: occ=None, db=GENUS_ONLY",Phoxinus fayollarum,97.7,Phoxinus
ASV93,Eukaryota,Chordata,Actinopteri,Gadiformes,Gadidae,Pollachius,Pollachius virens 3,Pollachius virens,Pollachius virens,marine,KEEP,Geographic CONFIRMED + sequence match (99.4%),Pollachius virens,99.4,Pollachius virens
ASV94,Eukaryota,Chordata,Actinopteri,Clupeiformes,Clupeidae,Clupea,Clupea sp. cf. harengus 12,Clupea sp. cf. harengus 12,Clupea harengus,marine/brackish/freshwater,DROP_TO_GENUS,Geographic CONFIRMED but missing congeners in DB - cannot validate,Clupea harengus,99.4,Clupea sp. cf. harengus
ASV95,Eukaryota,Chordata,Actinopteri,Gobiiformes,Gobiidae,Gobiusculus,Gobiusculus sp. cf. flavescens 1,Gobiusculus sp. cf. flavescens 1,Gobiusculus flavescens,marine/brackish,DROP_TO_GENUS,Geographic CONFIRMED but missing congeners in DB - cannot validate,Gobiusculus flavescens,99.4,Gobiusculus sp. cf. flavescens
ASV96,Eukaryota,Chordata,Actinopteri,Perciformes,Gasterosteidae,Gasterosteus,Gasterosteus sp. cf. aculeatus 1,Gasterosteus sp. cf. aculeatus 1,Gasterosteus aculeatus,marine/brackish/freshwater,DROP_TO_GENUS,Geographic CONFIRMED but missing congeners in DB - cannot validate,Gasterosteus aculeatus,99.4,Gasterosteus sp. cf. aculeatus
ASV97,Eukaryota,Chordata,Actinopteri,Pleuronectiformes,Scophthalmidae,Zeugopterus,Zeugopterus norvegicus 2,Zeugopterus norvegicus,Zeugopterus norvegicus,marine,KEEP,Geographic CONFIRMED + sequence 98.8%,Zeugopterus norvegicus,98.8,Zeugopterus norvegicus
ASV98,Eukaryota,Chordata,Actinopteri,Gadiformes,Gadidae,Gadidae,Gadidae 1,Gadidae 1,,marine/brackish/freshwater,DROP_TO_GENUS,"Unhandled case: occ=None, db=GENUS_ONLY_NO_REF",,,Gadidae
ASV99,Eukaryota,Chordata,Actinopteri,Cypriniformes,Leuciscidae,Phoxinus,Phoxinus 9,Phoxinus 9,,brackish/freshwater,DROP_TO_GENUS,"Unhandled case: occ=None, db=GENUS_ONLY",Phoxinus fayollarum,97.7,Phoxinus
ASV100,Eukaryota,Chordata,Mammalia,Artiodactyla,Cervidae,Capreolus,Capreolus capreolus 1,Capreolus capreolus,Capreolus capreolus,terrestrial,KEEP,"Geographic CONFIRMED, 100.0% match (monotypic/rare genus)",Capreolus capreolus,100.0,Capreolus capreolus
ASV101,Eukaryota,Chordata,Actinopteri,Perciformes,Cottidae,Micrenophrys,Micrenophrys lilljeborgii 1,Micrenophrys lilljeborgii,Micrenophrys lilljeborgii,marine/brackish,KEEP,Geographic CONFIRMED + sequence match (100.0%),Micrenophrys lilljeborgii,100.0,Micrenophrys lilljeborgii
ASV102,Eukaryota,Chordata,Actinopteri,Gadiformes,Gaidropsaridae,Enchelyopus,Enchelyopus cimbrius 1,Enchelyopus cimbrius,Enchelyopus cimbrius,marine,KEEP,Geographic CONFIRMED + sequence match (100.0%),Enchelyopus cimbrius,100.0,Enchelyopus cimbrius
ASV103,Eukaryota,Chordata,Actinopteri,Clupeiformes,Clupeidae,Clupea,Clupea 6,Clupea 6,,marine/brackish/freshwater,DROP_TO_GENUS,"Unhandled case: occ=None, db=GENUS_ONLY",Clupea pallasii,97.7,Clupea
ASV104,Eukaryota,Chordata,Actinopteri,Gadiformes,Gadidae,Melanogrammus,Melanogrammus aeglefinus 1,Melanogrammus aeglefinus,Melanogrammus aeglefinus,marine,KEEP,Geographic CONFIRMED + sequence match (100.0%),Melanogrammus aeglefinus,100.0,Melanogrammus aeglefinus
ASV105,Eukaryota,Chordata,Aves,Passeriformes,Corvidae,Corvus,Corvus 1,Corvus 1,,terrestrial,DROP_TO_GENUS,"Unhandled case: occ=None, db=GENUS_ONLY",Corvus brachyrhynchos,100.0,Corvus
ASV106,Eukaryota,Chordata,Actinopteri,Gobiiformes,Gobiidae,Pomatoschistus,Pomatoschistus minutus 1,Pomatoschistus minutus,Pomatoschistus minutus,marine/brackish,KEEP,Geographic CONFIRMED + sequence match (100.0%),Pomatoschistus minutus,100.0,Pomatoschistus minutus
ASV107,Eukaryota,Chordata,Actinopteri,Gadiformes,Lotidae,Molva,Molva dypterygia 1,Molva dypterygia,Molva dypterygia,marine,KEEP,Geographic CONFIRMED + sequence match (100.0%),Molva dypterygia,100.0,Molva dypterygia
ASV108,Eukaryota,Chordata,Actinopteri,Labriformes,Labridae,Ctenolabrus,Ctenolabrus sp. cf. rupestris 4,Ctenolabrus sp. cf. rupestris 4,Ctenolabrus rupestris,marine/brackish,DROP_TO_GENUS,Geographic CONFIRMED but missing congeners in DB - cannot validate,Ctenolabrus rupestris,98.2,Ctenolabrus sp. cf. rupestris
ASV109,Eukaryota,Chordata,Actinopteri,Gobiiformes,Gobiidae,Gobiidae,Gobiidae 2,Gobiidae 2,,marine/brackish/freshwater,DROP_TO_GENUS,"Unhandled case: occ=None, db=GENUS_ONLY_NO_REF",,,Gobiidae
ASV110,Eukaryota,Chordata,Actinopteri,Perciformes,Gasterosteidae,Gasterosteus,Gasterosteus sp. cf. aculeatus 2,Gasterosteus sp. cf. aculeatus 2,Gasterosteus aculeatus,marine/brackish/freshwater,DROP_TO_GENUS,Geographic CONFIRMED but missing congeners in DB - cannot validate,Gasterosteus aculeatus,99.4,Gasterosteus sp. cf. aculeatus
ASV111,Eukaryota,Chordata,Actinopteri,Perciformes,Pholidae,Pholis,Pholis 1,Pholis 1,Pholis crassispina,marine/brackish,DROP_TO_GENUS,4982km away; local congener(s) match equally - likely local species,Pholis crassispina,99.4,Pholis
ASV112,Eukaryota,Chordata,Actinopteri,Perciformes,Pholidae,Pholis,Pholis 2,Pholis 2,,marine/brackish,DROP_TO_GENUS,"Unhandled case: occ=None, db=GENUS_ONLY",Pholis gunnellus,99.4,Pholis
ASV113,Eukaryota,Chordata,Actinopteri,Syngnathiformes,Callionymidae,Callionymus,Callionymus lyra 1,Callionymus lyra,Callionymus lyra,marine,KEEP,Geographic CONFIRMED + sequence match (100.0%),Callionymus lyra,100.0,Callionymus lyra
ASV114,Eukaryota,Chordata,Actinopteri,Anguilliformes,Anguillidae,Anguilla,Anguilla anguilla 2,Anguilla anguilla,Anguilla anguilla,marine/brackish/freshwater,KEEP,"Geographic CONFIRMED, 99.4% match (monotypic/rare genus)",Anguilla anguilla,99.4,Anguilla anguilla
ASV115,Eukaryota,Chordata,Actinopteri,Perciformes,Stichaeidae,Stichaeidae,Stichaeidae 1,Stichaeidae 1,,marine/brackish,DROP_TO_GENUS,"Unhandled case: occ=None, db=GENUS_ONLY_NO_REF",,,Stichaeidae
ASV116,Eukaryota,Chordata,Mammalia,Primates,Hominidae,Homo,Homo sp. cf. sapiens 2,Homo sp. cf. sapiens 2,Homo sapiens,terrestrial,DROP_TO_GENUS,Geographic CONFIRMED but missing congeners in DB - cannot validate,Homo sapiens,99.4,Homo sp. cf. sapiens
ASV117,Eukaryota,Chordata,Actinopteri,Gobiiformes,Gobiidae,Pomatoschistus,Pomatoschistus microps 1,Pomatoschistus microps,Pomatoschistus microps,marine/brackish/freshwater,KEEP,Geographic CONFIRMED + sequence match (100.0%),Pomatoschistus microps,100.0,Pomatoschistus microps
ASV118,Eukaryota,Chordata,Actinopteri,Clupeiformes,Clupeidae,Clupea,Clupea 7,Clupea 7,Clupea pallasii,marine/brackish/freshwater,DROP_TO_GENUS,800km from known range with 60 local congener(s),Clupea pallasii,98.3,Clupea
ASV119,Eukaryota,Chordata,Actinopteri,Gadiformes,Phycidae,Phycis,Phycis blennoides 1,Phycis blennoides,Phycis blennoides,marine,KEEP,"Geographic CONFIRMED, 100.0% match (monotypic/rare genus)",Phycis blennoides,100.0,Phycis blennoides
ASV120,Eukaryota,Chordata,Actinopteri,Cypriniformes,Leuciscidae,Phoxinus,Phoxinus 10,Phoxinus 10,,brackish/freshwater,DROP_TO_GENUS,"Unhandled case: occ=None, db=GENUS_ONLY",Phoxinus fayollarum,97.7,Phoxinus
ASV121,Eukaryota,Chordata,Actinopteri,Clupeiformes,Clupeidae,Clupea,Clupea sp. cf. harengus 13,Clupea sp. cf. harengus 13,Clupea harengus,marine/brackish/freshwater,DROP_TO_GENUS,Geographic CONFIRMED but missing congeners in DB - cannot validate,Clupea harengus,98.3,Clupea sp. cf. harengus
ASV122,Eukaryota,Chordata,Actinopteri,Clupeiformes,Clupeidae,Clupea,Clupea 8,Clupea 8,,marine/brackish/freshwater,DROP_TO_GENUS,"Unhandled case: occ=None, db=GENUS_ONLY",Clupea pallasii,99.4,Clupea
ASV123,Eukaryota,Chordata,Actinopteri,Labriformes,Labridae,Ctenolabrus,Ctenolabrus sp. cf. rupestris 5,Ctenolabrus sp. cf. rupestris 5,Ctenolabrus rupestris,marine/brackish,DROP_TO_GENUS,Geographic CONFIRMED but missing congeners in DB - cannot validate,Ctenolabrus rupestris,98.8,Ctenolabrus sp. cf. rupestris
ASV124,Eukaryota,Chordata,Actinopteri,Clupeiformes,Clupeidae,Clupea,Clupea sp. cf. harengus 14,Clupea sp. cf. harengus 14,Clupea harengus,marine/brackish/freshwater,DROP_TO_GENUS,Geographic CONFIRMED but missing congeners in DB - cannot validate,Clupea harengus,98.8,Clupea sp. cf. harengus
ASV125,Eukaryota,Chordata,Actinopteri,Pleuronectiformes,Scophthalmidae,Scophthalmus,Scophthalmus maximus 1,Scophthalmus maximus,Scophthalmus maximus,marine/brackish,KEEP,Geographic CONFIRMED + sequence match (100.0%),Scophthalmus maximus,100.0,Scophthalmus maximus
ASV126,Eukaryota,Chordata,Actinopteri,Gadiformes,Lotidae,Molva,Molva molva 2,Molva molva,Molva molva,marine,KEEP,Geographic CONFIRMED + sequence match (100.0%),Molva molva,100.0,Molva molva
ASV127,Eukaryota,Chordata,Actinopteri,Clupeiformes,Clupeidae,Clupea,Clupea sp. cf. harengus 15,Clupea sp. cf. harengus 15,Clupea harengus,marine/brackish/freshwater,DROP_TO_GENUS,Geographic CONFIRMED but missing congeners in DB - cannot validate,Clupea harengus,98.8,Clupea sp. cf. harengus
ASV128,Eukaryota,Chordata,Actinopteri,Clupeiformes,Clupeidae,Clupea,Clupea sp. cf. harengus 16,Clupea sp. cf. harengus 16,Clupea harengus,marine/brackish/freshwater,DROP_TO_GENUS,Geographic CONFIRMED but missing congeners in DB - cannot validate,Clupea harengus,99.4,Clupea sp. cf. harengus
ASV129,Eukaryota,Chordata,Actinopteri,Cypriniformes,Leuciscidae,Phoxinus,Phoxinus 11,Phoxinus 11,,brackish/freshwater,DROP_TO_GENUS,"Unhandled case: occ=None, db=GENUS_ONLY",Phoxinus bigerri,98.3,Phoxinus
ASV130,Eukaryota,Chordata,Actinopteri,Clupeiformes,Clupeidae,Clupea,Clupea 9,Clupea 9,Clupea pallasii,marine/brackish/freshwater,DROP_TO_GENUS,800km from known range with 60 local congener(s),Clupea pallasii,100.0,Clupea
ASV131,Eukaryota,Chordata,Mammalia,Artiodactyla,Phocoenidae,Phocoena,Phocoena phocoena 1,Phocoena phocoena,Phocoena phocoena,marine/brackish,KEEP,Geographic CONFIRMED + sequence match (99.4%),Phocoena phocoena,99.4,Phocoena phocoena
ASV132,Eukaryota,Chordata,Actinopteri,Gobiiformes,Gobiidae,Pomatoschistus,Pomatoschistus sp. cf. pictus 1,Pomatoschistus sp. cf. pictus 1,Pomatoschistus pictus,marine/brackish/freshwater,DROP_TO_GENUS,Geographic CONFIRMED but missing congeners in DB - cannot validate,Pomatoschistus pictus,99.4,Pomatoschistus sp. cf. pictus
ASV133,Eukaryota,Chordata,Actinopteri,Perciformes,Gasterosteidae,Gasterosteus,Gasterosteus sp. cf. aculeatus 3,Gasterosteus sp. cf. aculeatus 3,Gasterosteus aculeatus,marine/brackish/freshwater,DROP_TO_GENUS,Geographic CONFIRMED but missing congeners in DB - cannot validate,Gasterosteus aculeatus,99.4,Gasterosteus sp. cf. aculeatus
ASV134,Eukaryota,Chordata,Actinopteri,Perciformes,Cyclopteridae,Cyclopterus,Cyclopterus lumpus 1,Cyclopterus lumpus,Cyclopterus lumpus,marine,KEEP,Geographic CONFIRMED + sequence match (100.0%),Cyclopterus lumpus,100.0,Cyclopterus lumpus
ASV135,Eukaryota,Chordata,Actinopteri,Salmoniformes,Salmonidae,Salvelinus,Salvelinus 2,Salvelinus 2,Salvelinus curilus,marine/brackish/freshwater,DROP_TO_GENUS,3593km away; local congener(s) match equally - likely local species,Salvelinus curilus,99.4,Salvelinus
ASV136,Eukaryota,Chordata,Mammalia,Artiodactyla,Cervidae,Alces,Alces sp. cf. alces 1,Alces sp. cf. alces 1,Alces alces,terrestrial,DROP_TO_GENUS,Geographic CONFIRMED but missing congeners in DB - cannot validate,Alces alces,99.4,Alces sp. cf. alces
ASV137,Eukaryota,Chordata,Actinopteri,Clupeiformes,Clupeidae,Clupea,Clupea sp. cf. harengus 17,Clupea sp. cf. harengus 17,Clupea harengus,marine/brackish/freshwater,DROP_TO_GENUS,Geographic CONFIRMED but missing congeners in DB - cannot validate,Clupea harengus,98.3,Clupea sp. cf. harengus
ASV138,Eukaryota,Chordata,Actinopteri,Clupeiformes,Clupeidae,Clupea,Clupea sp. cf. harengus 18,Clupea sp. cf. harengus 18,Clupea harengus,marine/brackish/freshwater,DROP_TO_GENUS,Geographic CONFIRMED but missing congeners in DB - cannot validate,Clupea harengus,98.8,Clupea sp. cf. harengus
ASV139,Eukaryota,Chordata,Actinopteri,Pleuronectiformes,Pleuronectidae,Platichthys,Platichthys 2,Platichthys 2,Platichthys stellatus,marine/brackish/freshwater,DROP_TO_GENUS,4573km from known range with 3 local congener(s),Platichthys stellatus,99.4,Platichthys
ASV140,Eukaryota,Chordata,Mammalia,Carnivora,Canidae,Canis,Canis lupus 1,Canis lupus,Canis lupus,terrestrial,KEEP,Geographic CONFIRMED + sequence match (100.0%),Canis lupus,100.0,Canis lupus
ASV141,Eukaryota,Chordata,Actinopteri,Labriformes,Labridae,Ctenolabrus,Ctenolabrus sp. cf. rupestris 6,Ctenolabrus sp. cf. rupestris 6,Ctenolabrus rupestris,marine/brackish,DROP_TO_GENUS,Geographic CONFIRMED but missing congeners in DB - cannot validate,Ctenolabrus rupestris,98.2,Ctenolabrus sp. cf. rupestris
ASV142,Eukaryota,Chordata,Actinopteri,Perciformes,Pholidae,Pholis,Pholis sp. cf. gunnellus 1,Pholis sp. cf. gunnellus 1,Pholis gunnellus,marine/brackish,DROP_TO_GENUS,Geographic CONFIRMED but missing congeners in DB - cannot validate,Pholis gunnellus,99.4,Pholis sp. cf. gunnellus
ASV143,Eukaryota,Chordata,Aves,Charadriiformes,Laridae,Larus,Larus 1,Larus 1,,marine/brackish/freshwater/terrestrial,DROP_TO_GENUS,"Unhandled case: occ=None, db=GENUS_ONLY",Larus argentatus,100.0,Larus
ASV144,Eukaryota,Chordata,Actinopteri,Pleuronectiformes,Pleuronectidae,Pleuronectidae,Pleuronectidae 2,Pleuronectidae 2,,marine/brackish/freshwater,DROP_TO_GENUS,"Unhandled case: occ=None, db=GENUS_ONLY_NO_REF",,,Pleuronectidae
ASV145,Eukaryota,Chordata,Actinopteri,Uranoscopiformes,Ammodytidae,Ammodytes,Ammodytes 1,Ammodytes 1,Ammodytes personatus,marine/brackish,DROP_TO_GENUS,Geographic DOUBTFUL + DB NO_CONGENERS,Ammodytes personatus,99.4,Ammodytes
ASV146,Eukaryota,Chordata,Actinopteri,Syngnathiformes,Callionymidae,Callionymus,Callionymus maculatus 1,Callionymus maculatus,Callionymus maculatus,marine,KEEP,Geographic CONFIRMED + sequence match (100.0%),Callionymus maculatus,100.0,Callionymus maculatus
ASV147,Eukaryota,Chordata,Actinopteri,Perciformes,Pholidae,Pholis,Pholis 3,Pholis 3,,marine/brackish,DROP_TO_GENUS,"Unhandled case: occ=None, db=GENUS_ONLY",Pholis gunnellus,99.4,Pholis
ASV148,Eukaryota,Chordata,Mammalia,Primates,Hominidae,Homo,Homo sp. cf. sapiens 3,Homo sp. cf. sapiens 3,Homo sapiens,terrestrial,DROP_TO_GENUS,Geographic CONFIRMED but missing congeners in DB - cannot validate,Homo sapiens,99.4,Homo sp. cf. sapiens
ASV149,Eukaryota,Chordata,Actinopteri,Clupeiformes,Clupeidae,Clupea,Clupea sp. cf. harengus 19,Clupea sp. cf. harengus 19,Clupea harengus,marine/brackish/freshwater,DROP_TO_GENUS,Geographic CONFIRMED but missing congeners in DB - cannot validate,Clupea harengus,98.3,Clupea sp. cf. harengus
ASV150,Eukaryota,Chordata,Actinopteri,Salmoniformes,Salmonidae,Salmo,Salmo sp. cf. salar 1,Salmo sp. cf. salar 1,Salmo salar,marine/brackish/freshwater,DROP_TO_GENUS,Geographic CONFIRMED but missing congeners in DB - cannot validate,Salmo salar,99.4,Salmo sp. cf. salar
ASV151,Eukaryota,Chordata,Actinopteri,Clupeiformes,Clupeidae,Clupea,Clupea sp. cf. harengus 20,Clupea sp. cf. harengus 20,Clupea harengus,marine/brackish/freshwater,DROP_TO_GENUS,Geographic CONFIRMED but missing congeners in DB - cannot validate,Clupea harengus,98.8,Clupea sp. cf. harengus
ASV152,Eukaryota,Chordata,Actinopteri,Pleuronectiformes,Pleuronectidae,Platichthys,Platichthys 3,Platichthys 3,Platichthys stellatus,marine/brackish/freshwater,DROP_TO_GENUS,4573km from known range with 3 local congener(s),Platichthys stellatus,99.4,Platichthys
ASV153,Eukaryota,Chordata,Actinopteri,Esociformes,Esocidae,Esox,Esox lucius 1,Esox lucius,Esox lucius,brackish/freshwater,KEEP,Geographic CONFIRMED + sequence match (100.0%),Esox lucius,100.0,Esox lucius
ASV154,Eukaryota,Chordata,Actinopteri,Cypriniformes,Leuciscidae,Phoxinus,Phoxinus 12,Phoxinus 12,,brackish/freshwater,DROP_TO_GENUS,"Unhandled case: occ=None, db=GENUS_ONLY",Phoxinus fayollarum,97.1,Phoxinus
ASV155,Eukaryota,Chordata,Actinopteri,Gadiformes,Lotidae,Molva,Molva sp. cf. molva 3,Molva sp. cf. molva 3,Molva molva,marine,DROP_TO_GENUS,Geographic CONFIRMED but missing congeners in DB - cannot validate,Molva molva,99.4,Molva sp. cf. molva
ASV156,Eukaryota,Chordata,Actinopteri,Labriformes,Labridae,Ctenolabrus,Ctenolabrus sp. cf. rupestris 7,Ctenolabrus sp. cf. rupestris 7,Ctenolabrus rupestris,marine/brackish,DROP_TO_GENUS,Geographic CONFIRMED but missing congeners in DB - cannot validate,Ctenolabrus rupestris,98.8,Ctenolabrus sp. cf. rupestris
ASV157,Eukaryota,Chordata,Actinopteri,Gobiiformes,Gobiidae,Gobiusculus,Gobiusculus sp. cf. flavescens 2,Gobiusculus sp. cf. flavescens 2,Gobiusculus flavescens,marine/brackish,DROP_TO_GENUS,Geographic CONFIRMED but missing congeners in DB - cannot validate,Gobiusculus flavescens,98.2,Gobiusculus sp. cf. flavescens
ASV158,Eukaryota,Chordata,Chondrichthyes,Chimaeriformes,Chimaeridae,Chimaera,Chimaera monstrosa 1,Chimaera monstrosa,Chimaera monstrosa,marine,KEEP,"Geographic CONFIRMED, 99.5% match (monotypic/rare genus)",Chimaera monstrosa,99.5,Chimaera monstrosa
ASV159,Eukaryota,Chordata,Actinopteri,Clupeiformes,Clupeidae,Clupea,Clupea sp. cf. harengus 21,Clupea sp. cf. harengus 21,Clupea harengus,marine/brackish/freshwater,DROP_TO_GENUS,Geographic CONFIRMED but missing congeners in DB - cannot validate,Clupea harengus,98.3,Clupea sp. cf. harengus
ASV160,Eukaryota,Chordata,Actinopteri,Syngnathiformes,Callionymidae,Callionymus,Callionymus reticulatus 1,Callionymus reticulatus,Callionymus reticulatus,marine/brackish,KEEP,Geographic CONFIRMED + sequence match (100.0%),Callionymus reticulatus,100.0,Callionymus reticulatus
ASV161,Eukaryota,Chordata,Mammalia,Artiodactyla,Suidae,Sus,Sus sp. cf. scrofa 1,Sus sp. cf. scrofa 1,Sus scrofa,terrestrial,DROP_TO_GENUS,Geographic CONFIRMED but missing congeners in DB - cannot validate,Sus scrofa,98.8,Sus sp. cf. scrofa
ASV162,Eukaryota,Chordata,Actinopteri,Gadiformes,Gadidae,Raniceps,Raniceps sp. cf. raninus 1,Raniceps sp. cf. raninus 1,Raniceps raninus,marine/brackish/freshwater,DROP_TO_GENUS,Geographic CONFIRMED but missing congeners in DB - cannot validate,Raniceps raninus,99.4,Raniceps sp. cf. raninus
ASV163,Eukaryota,Chordata,Mammalia,Rodentia,Cricetidae,Microtus,Microtus sp. cf. agrestis 1,Microtus sp. cf. agrestis 1,Microtus agrestis,terrestrial,DROP_TO_GENUS,Geographic CONFIRMED but missing congeners in DB - cannot validate,Microtus agrestis,99.4,Microtus sp. cf. agrestis
ASV164,Eukaryota,Chordata,Actinopteri,Salmoniformes,Salmonidae,Salvelinus,Salvelinus 3,Salvelinus 3,Salvelinus curilus,marine/brackish/freshwater,DROP_TO_GENUS,3593km away; local congener(s) match equally - likely local species,Salvelinus curilus,99.4,Salvelinus
ASV165,Eukaryota,Chordata,Actinopteri,Gobiiformes,Gobiidae,Pomatoschistus,Pomatoschistus pictus 2,Pomatoschistus pictus,Pomatoschistus pictus,marine,KEEP,Geographic CONFIRMED + sequence match (100.0%),Pomatoschistus pictus,100.0,Pomatoschistus pictus
ASV166,Eukaryota,Chordata,Actinopteri,Gobiiformes,Gobiidae,Gobius,Gobius niger 1,Gobius niger,Gobius niger,marine/brackish,KEEP,Geographic CONFIRMED + sequence match (100.0%),Gobius niger,100.0,Gobius niger
ASV167,Eukaryota,Chordata,Actinopteri,Clupeiformes,Clupeidae,Clupea,Clupea 10,Clupea 10,Clupea pallasii,marine/brackish/freshwater,DROP_TO_GENUS,800km from known range with 60 local congener(s),Clupea pallasii,98.3,Clupea
ASV168,Eukaryota,Chordata,Actinopteri,Clupeiformes,Clupeidae,Clupea,Clupea 11,Clupea 11,Clupea pallasii,marine/brackish/freshwater,DROP_TO_GENUS,800km from known range with 60 local congener(s),Clupea pallasii,98.8,Clupea
ASV169,Eukaryota,Chordata,Actinopteri,Gadiformes,Lotidae,Brosme,Brosme brosme 2,Brosme brosme,Brosme brosme,marine,KEEP,Geographic CONFIRMED + sequence match (100.0%),Brosme brosme,100.0,Brosme brosme
ASV170,Eukaryota,Chordata,Mammalia,Primates,Hominidae,Homo,Homo sp. cf. sapiens 4,Homo sp. cf. sapiens 4,Homo sapiens,terrestrial,DROP_TO_GENUS,Geographic CONFIRMED but missing congeners in DB - cannot validate,Homo sapiens,99.4,Homo sp. cf. sapiens
ASV171,Eukaryota,Chordata,Actinopteri,Syngnathiformes,Callionymidae,Callionymus,Callionymus sp. cf. reticulatus 1,Callionymus sp. cf. reticulatus 1,Callionymus reticulatus,marine/brackish/freshwater,DROP_TO_GENUS,Geographic CONFIRMED but missing congeners in DB - cannot validate,Callionymus reticulatus,99.4,Callionymus sp. cf. reticulatus
ASV172,Eukaryota,Chordata,Actinopteri,Gobiiformes,Gobiidae,Pomatoschistus,Pomatoschistus sp. cf. minutus 1,Pomatoschistus sp. cf. minutus 1,Pomatoschistus minutus,marine/brackish/freshwater,DROP_TO_GENUS,Geographic CONFIRMED but missing congeners in DB - cannot validate,Pomatoschistus minutus,99.4,Pomatoschistus sp. cf. minutus
ASV173,Eukaryota,Chordata,Actinopteri,Cypriniformes,Leuciscidae,Phoxinus,Phoxinus 13,Phoxinus 13,,brackish/freshwater,DROP_TO_GENUS,"Unhandled case: occ=None, db=GENUS_ONLY",Phoxinus phoxinus,95.4,Phoxinus
ASV174,Eukaryota,Chordata,Actinopteri,Clupeiformes,Clupeidae,Clupea,Clupea 12,Clupea 12,Clupea pallasii,marine/brackish/freshwater,DROP_TO_GENUS,Geographic POSSIBLE + sequence only 97.7%,Clupea pallasii,97.7,Clupea
ASV175,Eukaryota,Chordata,Actinopteri,Gobiiformes,Gobiidae,Crystallogobius,Crystallogobius linearis 1,Crystallogobius linearis,Crystallogobius linearis,marine,KEEP,Geographic CONFIRMED + sequence match (100.0%),Crystallogobius linearis,100.0,Crystallogobius linearis
ASV176,Eukaryota,Chordata,Actinopteri,Labriformes,Labridae,Ctenolabrus,Ctenolabrus sp. cf. rupestris 8,Ctenolabrus sp. cf. rupestris 8,Ctenolabrus rupestris,marine/brackish,DROP_TO_GENUS,Geographic CONFIRMED but missing congeners in DB - cannot validate,Ctenolabrus rupestris,99.4,Ctenolabrus sp. cf. rupestris
ASV177,Eukaryota,Chordata,Actinopteri,Pleuronectiformes,Scophthalmidae,Zeugopterus,Zeugopterus punctatus 3,Zeugopterus punctatus,Zeugopterus punctatus,marine,KEEP,Geographic CONFIRMED + sequence match (99.4%),Zeugopterus punctatus,99.4,Zeugopterus punctatus
ASV178,Eukaryota,Chordata,Actinopteri,Pleuronectiformes,Pleuronectidae,Glyptocephalus,Glyptocephalus 2,Glyptocephalus 2,Glyptocephalus zachirus,marine,DROP_TO_GENUS,Geographic DOUBTFUL + DB NO_CONGENERS,Glyptocephalus zachirus,98.8,Glyptocephalus
ASV179,Eukaryota,Chordata,Actinopteri,Gobiiformes,Gobiidae,Gobiusculus,Gobiusculus sp. cf. flavescens 3,Gobiusculus sp. cf. flavescens 3,Gobiusculus flavescens,marine/brackish,DROP_TO_GENUS,Geographic CONFIRMED but missing congeners in DB - cannot validate,Gobiusculus flavescens,99.4,Gobiusculus sp. cf. flavescens
ASV180,Eukaryota,Chordata,Actinopteri,Pleuronectiformes,Pleuronectidae,Pleuronectidae,Pleuronectidae 3,Pleuronectidae 3,,marine/brackish/freshwater,DROP_TO_GENUS,"Unhandled case: occ=None, db=GENUS_ONLY_NO_REF",,,Pleuronectidae
ASV181,Eukaryota,Chordata,Mammalia,Primates,Hominidae,Homo,Homo sp. cf. sapiens 5,Homo sp. cf. sapiens 5,Homo sapiens,terrestrial,DROP_TO_GENUS,Geographic CONFIRMED but missing congeners in DB - cannot validate,Homo sapiens,99.4,Homo sp. cf. sapiens
ASV182,Eukaryota,Chordata,Actinopteri,Salmoniformes,Salmonidae,Salvelinus,Salvelinus 4,Salvelinus 4,Salvelinus curilus,marine/brackish/freshwater,DROP_TO_GENUS,3593km away; local congener(s) match equally - likely local species,Salvelinus curilus,99.4,Salvelinus
ASV183,Eukaryota,Chordata,Aves,Anseriformes,Anatidae,Bucephala,Bucephala sp. cf. islandica 1,Bucephala sp. cf. islandica 1,Bucephala islandica,marine/brackish/freshwater/terrestrial,DROP_TO_GENUS,Geographic CONFIRMED but missing congeners in DB - cannot validate,Bucephala clangula,100.0,Bucephala sp. cf. islandica
ASV184,Eukaryota,Chordata,Actinopteri,Labriformes,Labridae,Ctenolabrus,Ctenolabrus sp. cf. rupestris 9,Ctenolabrus sp. cf. rupestris 9,Ctenolabrus rupestris,marine/brackish,DROP_TO_GENUS,Geographic CONFIRMED but missing congeners in DB - cannot validate,Ctenolabrus rupestris,99.4,Ctenolabrus sp. cf. rupestris
ASV185,Eukaryota,Chordata,Actinopteri,Gobiiformes,Gobiidae,Gobiusculus,Gobiusculus sp. cf. flavescens 4,Gobiusculus sp. cf. flavescens 4,Gobiusculus flavescens,marine/brackish,DROP_TO_GENUS,Geographic CONFIRMED but missing congeners in DB - cannot validate,Gobiusculus flavescens,99.4,Gobiusculus sp. cf. flavescens
ASV186,Eukaryota,Chordata,Actinopteri,Salmoniformes,Salmonidae,Salvelinus,Salvelinus 5,Salvelinus 5,Salvelinus curilus,marine/brackish/freshwater,DROP_TO_GENUS,3593km away; local congener(s) match equally - likely local species,Salvelinus curilus,99.4,Salvelinus
ASV187,Eukaryota,Chordata,Actinopteri,Cypriniformes,Leuciscidae,Phoxinus,Phoxinus 14,Phoxinus 14,,brackish/freshwater,DROP_TO_GENUS,"Unhandled case: occ=None, db=GENUS_ONLY",Phoxinus fayollarum,97.1,Phoxinus
ASV188,Eukaryota,Chordata,Actinopteri,Clupeiformes,Clupeidae,Clupea,Clupea 13,Clupea 13,Clupea pallasii,marine/brackish/freshwater,DROP_TO_GENUS,800km from known range with 60 local congener(s),Clupea pallasii,98.8,Clupea
ASV189,Eukaryota,Chordata,Actinopteri,Labriformes,Labridae,Symphodus,Symphodus sp. cf. melops 1,Symphodus sp. cf. melops 1,Symphodus melops,marine/brackish,DROP_TO_GENUS,Geographic CONFIRMED but missing congeners in DB - cannot validate,Symphodus melops,99.4,Symphodus sp. cf. melops
ASV190,Eukaryota,Chordata,Chondrichthyes,Squaliformes,Etmopteridae,Etmopterus,Etmopterus spinax 1,Etmopterus spinax,Etmopterus spinax,marine,KEEP,Geographic CONFIRMED + sequence match (100.0%),Etmopterus spinax,100.0,Etmopterus spinax
ASV191,Eukaryota,Chordata,Actinopteri,Cypriniformes,Leuciscidae,Phoxinus,Phoxinus 15,Phoxinus 15,,brackish/freshwater,DROP_TO_GENUS,"Unhandled case: occ=None, db=GENUS_ONLY",Phoxinus fayollarum,97.7,Phoxinus
ASV192,Eukaryota,Chordata,Aves,Passeriformes,Corvidae,Corvus,Corvus 2,Corvus 2,Corvus dauuricus,terrestrial,DROP_TO_GENUS,555km from known range with 16 local congener(s),Corvus dauuricus,100.0,Corvus
ASV193,Eukaryota,Chordata,Actinopteri,Gobiiformes,Gobiidae,Crystallogobius,Crystallogobius linearis 2,Crystallogobius linearis,Crystallogobius linearis,marine,KEEP,Geographic CONFIRMED + sequence match (100.0%),Crystallogobius linearis,100.0,Crystallogobius linearis
ASV194,Eukaryota,Chordata,Actinopteri,Pleuronectiformes,Scophthalmidae,Zeugopterus,Zeugopterus norvegicus 3,Zeugopterus norvegicus,Zeugopterus norvegicus,marine,KEEP,Geographic CONFIRMED + sequence match (99.4%),Zeugopterus norvegicus,99.4,Zeugopterus norvegicus
ASV195,Eukaryota,Chordata,Actinopteri,Cypriniformes,Leuciscidae,Phoxinus,Phoxinus 16,Phoxinus 16,,brackish/freshwater,DROP_TO_GENUS,"Unhandled case: occ=None, db=GENUS_ONLY",Phoxinus fayollarum,97.1,Phoxinus
ASV196,Eukaryota,Chordata,Actinopteri,Perciformes,Pholidae,Pholis,Pholis 4,Pholis 4,Pholis crassispina,marine/brackish,DROP_TO_GENUS,4982km away; local congener(s) match equally - likely local species,Pholis crassispina,98.8,Pholis
ASV197,Eukaryota,Chordata,Actinopteri,Gadiformes,Gadidae,Pollachius,Pollachius virens 4,Pollachius virens,Pollachius virens,marine,KEEP,Geographic CONFIRMED + sequence match (99.4%),Pollachius virens,99.4,Pollachius virens
ASV198,Eukaryota,Chordata,Actinopteri,Cypriniformes,Leuciscidae,Phoxinus,Phoxinus 17,Phoxinus 17,,brackish/freshwater,DROP_TO_GENUS,"Unhandled case: occ=None, db=GENUS_ONLY",Phoxinus fayollarum,97.7,Phoxinus
ASV199,Eukaryota,Chordata,Actinopteri,Clupeiformes,Clupeidae,Clupea,Clupea sp. cf. harengus 22,Clupea sp. cf. harengus 22,Clupea harengus,marine/brackish/freshwater,DROP_TO_GENUS,Geographic CONFIRMED but missing congeners in DB - cannot validate,Clupea harengus,98.8,Clupea sp. cf. harengus
ASV200,Eukaryota,Chordata,Actinopteri,Labriformes,Labridae,Acantholabrus,Acantholabrus palloni 1,Acantholabrus palloni,Acantholabrus palloni,marine,KEEP,Geographic CONFIRMED + sequence 98.8%,Acantholabrus palloni,98.8,Acantholabrus palloni
ASV201,Eukaryota,Chordata,Mammalia,Artiodactyla,Suidae,Sus,Sus scrofa 1,Sus scrofa,Sus scrofa,terrestrial,KEEP,Geographic CONFIRMED + sequence match (100.0%),Sus scrofa,100.0,Sus scrofa
ASV202,Eukaryota,Chordata,Actinopteri,Clupeiformes,Clupeidae,Clupea,Clupea 14,Clupea 14,Clupea pallasii,marine/brackish/freshwater,DROP_TO_GENUS,800km from known range with 60 local congener(s),Clupea pallasii,99.4,Clupea
ASV203,Eukaryota,Chordata,Actinopteri,Scombriformes,Scombridae,Scomber,Scomber sp. cf. scombrus 3,Scomber sp. cf. scombrus 3,Scomber scombrus,marine/brackish/freshwater,DROP_TO_GENUS,Geographic CONFIRMED but missing congeners in DB - cannot validate,Scomber scombrus,98.8,Scomber sp. cf. scombrus
ASV204,Eukaryota,Chordata,Actinopteri,Clupeiformes,Clupeidae,Clupea,Clupea 15,Clupea 15,,marine/brackish/freshwater,DROP_TO_GENUS,"Unhandled case: occ=None, db=GENUS_ONLY",Clupea pallasii,96.5,Clupea
ASV205,Eukaryota,Chordata,Actinopteri,Clupeiformes,Clupeidae,Clupea,Clupea sp. cf. harengus 23,Clupea sp. cf. harengus 23,Clupea harengus,marine/brackish/freshwater,DROP_TO_GENUS,Geographic CONFIRMED but missing congeners in DB - cannot validate,Clupea harengus,98.3,Clupea sp. cf. harengus
ASV206,Eukaryota,Chordata,Actinopteri,Labriformes,Labridae,Acantholabrus,Acantholabrus palloni 2,Acantholabrus palloni,Acantholabrus palloni,marine,KEEP,Geographic CONFIRMED + sequence match (99.4%),Acantholabrus palloni,99.4,Acantholabrus palloni
ASV207,Eukaryota,Chordata,Mammalia,Artiodactyla,Bovidae,Ovis,Ovis 1,Ovis 1,Ovis orientalis,terrestrial,DROP_TO_GENUS,1509km away; local congener(s) match equally - likely local species,Ovis orientalis,100.0,Ovis
ASV208,Eukaryota,Chordata,Actinopteri,Clupeiformes,Clupeidae,Clupea,Clupea sp. cf. harengus 24,Clupea sp. cf. harengus 24,Clupea harengus,marine/brackish/freshwater,DROP_TO_GENUS,Geographic CONFIRMED but sequence only 97.1% (below 98.0% threshold),Clupea harengus,97.1,Clupea sp. cf. harengus
ASV209,Eukaryota,Chordata,Actinopteri,Clupeiformes,Clupeidae,Clupea,Clupea 16,Clupea 16,Clupea pallasii,marine/brackish/freshwater,DROP_TO_GENUS,800km from known range with 60 local congener(s),Clupea pallasii,98.8,Clupea
ASV210,Eukaryota,Chordata,Actinopteri,Perciformes,Cottidae,Myoxocephalus,Myoxocephalus sp. cf. quadricornis 3,Myoxocephalus sp. cf. quadricornis 3,Myoxocephalus quadricornis,marine/brackish/freshwater,DROP_TO_GENUS,Geographic PLAUSIBLE but missing congeners in DB - cannot validate,Myoxocephalus quadricornis,98.2,Myoxocephalus sp. cf. quadricornis
ASV211,Eukaryota,Chordata,Actinopteri,Clupeiformes,Clupeidae,Clupea,Clupea sp. cf. harengus 25,Clupea sp. cf. harengus 25,Clupea harengus,marine/brackish/freshwater,DROP_TO_GENUS,Geographic CONFIRMED but missing congeners in DB - cannot validate,Clupea harengus,98.8,Clupea sp. cf. harengus
ASV212,Eukaryota,Chordata,Actinopteri,Labriformes,Labridae,Ctenolabrus,Ctenolabrus sp. cf. rupestris 10,Ctenolabrus sp. cf. rupestris 10,Ctenolabrus rupestris,marine/brackish,DROP_TO_GENUS,Geographic CONFIRMED but missing congeners in DB - cannot validate,Ctenolabrus rupestris,98.8,Ctenolabrus sp. cf. rupestris
ASV213,Eukaryota,Chordata,Aves,Charadriiformes,Alcidae,Cepphus,Cepphus grylle 1,Cepphus grylle,Cepphus grylle,marine/terrestrial,KEEP,Geographic CONFIRMED + sequence match (100.0%),Cepphus grylle,100.0,Cepphus grylle
ASV214,Eukaryota,Chordata,Actinopteri,Clupeiformes,Clupeidae,Clupea,Clupea sp. cf. harengus 26,Clupea sp. cf. harengus 26,Clupea harengus,marine/brackish/freshwater,DROP_TO_GENUS,Geographic CONFIRMED but sequence only 97.7% (below 98.0% threshold),Clupea harengus,97.7,Clupea sp. cf. harengus
ASV215,Eukaryota,Chordata,Mammalia,Mammalia,Mammalia,Mammalia,Mammalia 1,Mammalia 1,,marine/brackish/freshwater/terrestrial,DROP_TO_GENUS,"Unhandled case: occ=None, db=GENUS_ONLY_NO_REF",,,Mammalia
ASV216,Eukaryota,Chordata,Actinopteri,Clupeiformes,Clupeidae,Clupea,Clupea sp. cf. harengus 27,Clupea sp. cf. harengus 27,Clupea harengus,marine/brackish/freshwater,DROP_TO_GENUS,Geographic CONFIRMED but sequence only 97.7% (below 98.0% threshold),Clupea harengus,97.7,Clupea sp. cf. harengus
ASV217,Eukaryota,Chordata,Actinopteri,Gadiformes,Gadidae,Pollachius,Pollachius virens 5,Pollachius virens,Pollachius virens,marine,KEEP,Geographic CONFIRMED + sequence 98.8%,Pollachius virens,98.8,Pollachius virens
ASV218,Eukaryota,Chordata,Aves,Passeriformes,Motacillidae,Anthus,Anthus hodgsoni 1,Anthus hodgsoni,Anthus hodgsoni,terrestrial,KEEP,Geographic CONFIRMED + sequence match (100.0%),Anthus hodgsoni,100.0,Anthus hodgsoni
ASV219,Eukaryota,Chordata,Actinopteri,Pleuronectiformes,Pleuronectidae,Platichthys,Platichthys 4,Platichthys 4,Platichthys stellatus,marine/brackish/freshwater,DROP_TO_GENUS,Geographic DOUBTFUL + sequence only 96.4%,Platichthys stellatus,96.4,Platichthys
ASV220,Eukaryota,Chordata,Mammalia,Rodentia,Castoridae,Castor,Castor sp. cf. fiber 1,Castor sp. cf. fiber 1,Castor fiber,freshwater/terrestrial,DROP_TO_GENUS,Geographic CONFIRMED but missing congeners in DB - cannot validate,Castor fiber,98.8,Castor sp. cf. fiber
ASV221,Eukaryota,Chordata,Actinopteri,Labriformes,Labridae,Labrus,Labrus sp. cf. bergylta 1,Labrus sp. cf. bergylta 1,Labrus bergylta,marine,DROP_TO_GENUS,Geographic CONFIRMED but missing congeners in DB - cannot validate,Labrus bergylta,98.8,Labrus sp. cf. bergylta
ASV222,Eukaryota,Chordata,Actinopteri,Perciformes,Gasterosteidae,Gasterosteus,Gasterosteus sp. cf. aculeatus 4,Gasterosteus sp. cf. aculeatus 4,Gasterosteus aculeatus,marine/brackish/freshwater,DROP_TO_GENUS,Geographic CONFIRMED but missing congeners in DB - cannot validate,Gasterosteus aculeatus,98.2,Gasterosteus sp. cf. aculeatus
ASV223,Eukaryota,Chordata,Actinopteri,Gadiformes,Gadidae,Melanogrammus,Melanogrammus aeglefinus 2,Melanogrammus aeglefinus,Melanogrammus aeglefinus,marine,KEEP,Geographic CONFIRMED + sequence match (99.4%),Melanogrammus aeglefinus,99.4,Melanogrammus aeglefinus
ASV224,Eukaryota,Chordata,Actinopteri,Perciformes,Gasterosteidae,Gasterosteus,Gasterosteus sp. cf. aculeatus 5,Gasterosteus sp. cf. aculeatus 5,Gasterosteus aculeatus,marine/brackish/freshwater,DROP_TO_GENUS,Geographic CONFIRMED but missing congeners in DB - cannot validate,Gasterosteus aculeatus,98.8,Gasterosteus sp. cf. aculeatus
ASV225,Eukaryota,Chordata,Actinopteri,Gadiformes,Gadidae,Pollachius,Pollachius pollachius 2,Pollachius pollachius,Pollachius virens,marine,REASSIGN,Pollachius pollachius matches 99.4% vs assigned 98.8% (+0.6%),Pollachius pollachius,99.4,Pollachius pollachius
ASV226,Eukaryota,Chordata,Actinopteri,Clupeiformes,Clupeidae,Clupea,Clupea 17,Clupea 17,Clupea pallasii,marine/brackish/freshwater,DROP_TO_GENUS,800km from known range with 60 local congener(s),Clupea pallasii,98.8,Clupea
ASV227,Eukaryota,Chordata,Actinopteri,Salmoniformes,Salmonidae,Salmo,Salmo 3,Salmo 3,,marine/brackish/freshwater,DROP_TO_GENUS,"Unhandled case: occ=None, db=GENUS_ONLY",Salmo labrax,99.4,Salmo
ASV228,Eukaryota,Chordata,Actinopteri,Gadiformes,Gadidae,Gadus,Gadus morhua 2,Gadus morhua,Gadus morhua,marine/brackish,KEEP,"Geographic CONFIRMED, 99.4% match (monotypic/rare genus)",Gadus morhua,99.4,Gadus morhua
ASV230,Eukaryota,Chordata,Actinopteri,Cypriniformes,Leuciscidae,Phoxinus,Phoxinus 18,Phoxinus 18,,brackish/freshwater,DROP_TO_GENUS,"Unhandled case: occ=None, db=GENUS_ONLY",Phoxinus fayollarum,95.5,Phoxinus
ASV231,Eukaryota,Chordata,Actinopteri,Gadiformes,Lotidae,Brosme,Brosme sp. cf. brosme 2,Brosme sp. cf. brosme 2,Brosme brosme,marine,DROP_TO_GENUS,Geographic CONFIRMED but missing congeners in DB - cannot validate,Brosme brosme,98.8,Brosme sp. cf. brosme
ASV232,Eukaryota,Chordata,Actinopteri,Labriformes,Labridae,Centrolabrus,Centrolabrus sp. cf. exoletus 1,Centrolabrus sp. cf. exoletus 1,Centrolabrus exoletus,marine,DROP_TO_GENUS,Geographic CONFIRMED but missing congeners in DB - cannot validate,Centrolabrus exoletus,99.4,Centrolabrus sp. cf. exoletus
ASV233,Eukaryota,Chordata,Mammalia,Artiodactyla,Artiodactyla,Artiodactyla,Artiodactyla 1,Artiodactyla 1,,terrestrial,DROP_TO_GENUS,"Unhandled case: occ=None, db=GENUS_ONLY_NO_REF",,,Artiodactyla
ASV234,Eukaryota,Chordata,Aves,Passeriformes,Corvidae,Pica,Pica pica 1,Pica pica,Pica pica,terrestrial,KEEP,"Geographic CONFIRMED, 100.0% match (monotypic/rare genus)",Pica pica,100.0,Pica pica
ASV235,Eukaryota,Chordata,Actinopteri,Gadiformes,Lotidae,Brosme,Brosme sp. cf. brosme 3,Brosme sp. cf. brosme 3,Brosme brosme,marine,DROP_TO_GENUS,Geographic CONFIRMED but missing congeners in DB - cannot validate,Brosme brosme,98.8,Brosme sp. cf. brosme
ASV237,Eukaryota,Chordata,Actinopteri,Salmoniformes,Salmonidae,Salmo,Salmo 4,Salmo 4,Salmo macrostigma,marine/brackish/freshwater,DROP_TO_GENUS,Better DB match (Salmo trutta) not local; assigned only 98.8%,Salmo trutta,100.0,Salmo
ASV238,Eukaryota,Chordata,Chordata,Chordata,Chordata,Chordata,Chordata 1,Chordata 1,,marine/brackish/freshwater/terrestrial,DROP_TO_GENUS,"Unhandled case: occ=None, db=GENUS_ONLY_NO_REF",,,Chordata
ASV240,Eukaryota,Chordata,Actinopteri,Clupeiformes,Clupeidae,Clupea,Clupea 18,Clupea 18,,marine/brackish/freshwater,DROP_TO_GENUS,"Unhandled case: occ=None, db=GENUS_ONLY",Clupea pallasii,94.8,Clupea
ASV241,Eukaryota,Chordata,Actinopteri,Gadiformes,Gadidae,Pollachius,Pollachius virens 6,Pollachius virens,Pollachius virens,marine,KEEP,Geographic CONFIRMED + sequence 98.8%,Pollachius virens,98.8,Pollachius virens
ASV242,Eukaryota,Chordata,Actinopteri,Gobiiformes,Gobiidae,Gobiusculus,Gobiusculus sp. cf. flavescens 5,Gobiusculus sp. cf. flavescens 5,Gobiusculus flavescens,marine/brackish,DROP_TO_GENUS,Geographic CONFIRMED but missing congeners in DB - cannot validate,Gobiusculus flavescens,99.4,Gobiusculus sp. cf. flavescens
ASV243,Eukaryota,Chordata,Actinopteri,Labriformes,Labridae,Ctenolabrus,Ctenolabrus sp. cf. rupestris 11,Ctenolabrus sp. cf. rupestris 11,Ctenolabrus rupestris,marine/brackish,DROP_TO_GENUS,Geographic CONFIRMED but sequence only 97.1% (below 98.0% threshold),Ctenolabrus rupestris,97.1,Ctenolabrus sp. cf. rupestris
ASV244,Eukaryota,Chordata,Actinopteri,Blenniiformes,Blenniidae,Lipophrys,Lipophrys pholis 2,Lipophrys pholis,Lipophrys pholis,marine,KEEP,Geographic CONFIRMED + sequence match (99.4%),Lipophrys pholis,99.4,Lipophrys pholis
ASV245,Eukaryota,Chordata,Actinopteri,Gobiiformes,Gobiidae,Crystallogobius,Crystallogobius linearis 3,Crystallogobius linearis,Crystallogobius linearis,marine,KEEP,Geographic CONFIRMED + sequence 98.8%,Crystallogobius linearis,98.8,Crystallogobius linearis
ASV246,Eukaryota,Chordata,Aves,Passeriformes,Hirundinidae,Delichon,Delichon urbicum 1,Delichon urbicum,Delichon urbicum,terrestrial,KEEP,Geographic CONFIRMED + sequence match (100.0%),Delichon urbicum,100.0,Delichon urbicum
ASV247,Eukaryota,Chordata,Actinopteri,Cypriniformes,Leuciscidae,Phoxinus,Phoxinus sp. cf. phoxinus 1,Phoxinus sp. cf. phoxinus 1,Phoxinus phoxinus,brackish/freshwater,DROP_TO_GENUS,Geographic CONFIRMED but missing congeners in DB - cannot validate,Phoxinus phoxinus,98.9,Phoxinus sp. cf. phoxinus
ASV248,Eukaryota,Chordata,Actinopteri,Perciformes,Perciformes,Perciformes,Perciformes 1,Perciformes 1,,marine/brackish/freshwater,DROP_TO_GENUS,"Unhandled case: occ=None, db=GENUS_ONLY_NO_REF",,,Perciformes
ASV249,Eukaryota,Chordata,Actinopteri,Perciformes,Gasterosteidae,Gasterosteus,Gasterosteus 1,Gasterosteus 1,,marine/brackish/freshwater,DROP_TO_GENUS,"Unhandled case: occ=None, db=GENUS_ONLY",Gasterosteus gymnurus,96.4,Gasterosteus
ASV250,Eukaryota,Chordata,Actinopteri,Perciformes,Gasterosteidae,Spinachia,Spinachia sp. cf. spinachia 1,Spinachia sp. cf. spinachia 1,Spinachia spinachia,marine/brackish/freshwater,DROP_TO_GENUS,Geographic CONFIRMED but missing congeners in DB - cannot validate,Spinachia spinachia,99.4,Spinachia sp. cf. spinachia
ASV251,Eukaryota,Chordata,Aves,Passeriformes,Paridae,Parus,Parus major 1,Parus major,Parus major,terrestrial,KEEP,Geographic CONFIRMED + sequence match (100.0%),Parus major,100.0,Parus major
ASV252,Eukaryota,Chordata,Actinopteri,Gadiformes,Merlucciidae,Merluccius,Merluccius sp. cf. merluccius 1,Merluccius sp. cf. merluccius 1,Merluccius merluccius,marine/brackish,DROP_TO_GENUS,Geographic CONFIRMED but missing congeners in DB - cannot validate,Merluccius merluccius,98.8,Merluccius sp. cf. merluccius
ASV253,Eukaryota,Chordata,Actinopteri,Clupeiformes,Clupeidae,Clupea,Clupeiformes 1,Clupeiformes 1,Clupea pallasii,marine/brackish/freshwater,DROP_TO_ORDER,Sequence only 84.9% - below family threshold (88.0%),Clupea pallasii,84.9,Clupeiformes
ASV254,Eukaryota,Chordata,Actinopteri,Gobiiformes,Gobiidae,Gobiusculus,Gobiusculus sp. cf. flavescens 6,Gobiusculus sp. cf. flavescens 6,Gobiusculus flavescens,marine/brackish,DROP_TO_GENUS,Geographic CONFIRMED but missing congeners in DB - cannot validate,Gobiusculus flavescens,98.8,Gobiusculus sp. cf. flavescens
ASV256,Eukaryota,Chordata,Aves,Charadriiformes,Laridae,Larus,Larus 2,Larus 2,Larus brachyrhynchus,marine/brackish/freshwater/terrestrial,DROP_TO_GENUS,6794km away; local congener(s) match equally - likely local species,Larus brachyrhynchus,100.0,Larus
ASV257,Eukaryota,Chordata,Actinopteri,Pleuronectiformes,Pleuronectidae,Platichthys,Platichthys 5,Platichthys 5,Platichthys stellatus,marine/brackish/freshwater,DROP_TO_GENUS,4573km from known range with 3 local congener(s),Platichthys stellatus,98.8,Platichthys
ASV258,Eukaryota,Chordata,Actinopteri,Clupeiformes,Clupeidae,Clupea,Clupea 19,Clupea 19,Clupea pallasii,marine/brackish/freshwater,DROP_TO_GENUS,800km from known range with 60 local congener(s),Clupea pallasii,98.3,Clupea
ASV259,Eukaryota,Chordata,Actinopteri,Gadiformes,Lotidae,Molva,Molva molva 3,Molva molva,Molva molva,marine,KEEP,Geographic CONFIRMED + sequence match (100.0%),Molva molva,100.0,Molva molva
ASV260,Eukaryota,Chordata,Actinopteri,Perciformes,Cottidae,Myoxocephalus,Myoxocephalus sp. cf. quadricornis 4,Myoxocephalus sp. cf. quadricornis 4,Myoxocephalus quadricornis,marine/brackish/freshwater,DROP_TO_GENUS,Geographic PLAUSIBLE but missing congeners in DB - cannot validate,Myoxocephalus quadricornis,99.4,Myoxocephalus sp. cf. quadricornis
ASV261,Eukaryota,Chordata,Actinopteri,Gobiiformes,Gobiidae,Pomatoschistus,Pomatoschistus sp. cf. microps 1,Pomatoschistus sp. cf. microps 1,Pomatoschistus microps,marine/brackish/freshwater,DROP_TO_GENUS,Geographic CONFIRMED but missing congeners in DB - cannot validate,Pomatoschistus microps,99.4,Pomatoschistus sp. cf. microps
ASV262,Eukaryota,Chordata,Actinopteri,Salmoniformes,Salmonidae,Salmo,Salmo 5,Salmo 5,,marine/brackish/freshwater,DROP_TO_GENUS,"Unhandled case: occ=None, db=GENUS_ONLY",Salmo trutta,100.0,Salmo
ASV263,Eukaryota,Chordata,Actinopteri,Scombriformes,Scombridae,Scomber,Scomber scombrus 2,Scomber scombrus,Scomber scombrus,marine/brackish,KEEP,Geographic CONFIRMED + sequence match (100.0%),Scomber scombrus,100.0,Scomber scombrus
ASV264,Eukaryota,Chordata,Aves,Passeriformes,Turdidae,Turdus,Turdus 2,Turdus 2,Turdus abyssinicus,terrestrial,DROP_TO_GENUS,6495km away; local congener(s) match equally - likely local species,Turdus merula,100.0,Turdus
ASV265,Eukaryota,Chordata,Actinopteri,Gadiformes,Gadidae,Pollachius,Pollachius virens 7,Pollachius virens,Pollachius virens,marine,KEEP,Geographic CONFIRMED + sequence 98.2%,Pollachius virens,98.2,Pollachius virens
ASV266,Eukaryota,Chordata,Aves,Passeriformes,Turdidae,Turdus,Turdus 3,Turdus 3,Turdus abyssinicus,terrestrial,DROP_TO_GENUS,Better DB match (Turdus philomelos) not local; assigned only 98.9%,Turdus philomelos,100.0,Turdus
ASV268,Eukaryota,Chordata,Actinopteri,Gadiformes,Gadidae,Gadus,Gadus morhua 3,Gadus morhua,Gadus morhua,marine/brackish,KEEP,"Geographic CONFIRMED, 98.2% match (monotypic/rare genus)",Gadus morhua,98.2,Gadus morhua
ASV269,Eukaryota,Chordata,Aves,Passeriformes,Hirundinidae,Hirundo,Hirundo rustica 1,Hirundo rustica,Hirundo rustica,terrestrial,KEEP,Geographic CONFIRMED + sequence match (100.0%),Hirundo rustica,100.0,Hirundo rustica
ASV270,Eukaryota,Chordata,Actinopteri,Clupeiformes,Clupeidae,Clupea,Clupeiformes 2,Clupeiformes 2,Clupea pallasii,marine/brackish/freshwater,DROP_TO_ORDER,Sequence only 87.2% - below family threshold (88.0%),Clupea pallasii,87.2,Clupeiformes
ASV271,Eukaryota,Chordata,Actinopteri,Gadiformes,Lotidae,Molva,Molva sp. cf. molva 4,Molva sp. cf. molva 4,Molva molva,marine,DROP_TO_GENUS,Geographic CONFIRMED but missing congeners in DB - cannot validate,Molva molva,98.8,Molva sp. cf. molva
ASV272,Eukaryota,Chordata,Mammalia,Mammalia,Mammalia,Mammalia,Mammalia 2,Mammalia 2,,marine/brackish/freshwater/terrestrial,DROP_TO_GENUS,"Unhandled case: occ=None, db=GENUS_ONLY_NO_REF",,,Mammalia
ASV273,Eukaryota,Chordata,Mammalia,Carnivora,Canidae,Canis,Canis lupus 2,Canis lupus,Canis lupus,terrestrial,KEEP,Geographic CONFIRMED + sequence match (100.0%),Canis lupus,100.0,Canis lupus
ASV274,Eukaryota,Chordata,Actinopteri,Gadiformes,Gadidae,Pollachius,Pollachius 1,Pollachius 1,Pollachius virens,marine,DROP_TO_GENUS,Geographic CONFIRMED but sequence only 95.3% (below 98.0% threshold),Pollachius virens,95.3,Pollachius
ASV275,Eukaryota,Chordata,Actinopteri,Cypriniformes,Leuciscidae,Phoxinus,Phoxinus 19,Phoxinus 19,,brackish/freshwater,DROP_TO_GENUS,"Unhandled case: occ=None, db=GENUS_ONLY",Phoxinus fayollarum,94.9,Phoxinus
ASV276,Eukaryota,Chordata,Actinopteri,Perciformes,Liparidae,Liparis,Liparis sp. cf. montagui 1,Liparis sp. cf. montagui 1,Liparis montagui,marine/brackish,DROP_TO_GENUS,Geographic CONFIRMED but missing congeners in DB - cannot validate,Liparis montagui,99.4,Liparis sp. cf. montagui
ASV277,Eukaryota,Chordata,Actinopteri,Cypriniformes,Leuciscidae,Phoxinus,Phoxinus 20,Phoxinus 20,,brackish/freshwater,DROP_TO_GENUS,"Unhandled case: occ=None, db=GENUS_ONLY",Phoxinus fayollarum,96.0,Phoxinus
ASV278,Eukaryota,Chordata,Actinopteri,Gadiformes,Gadidae,Pollachius,Pollachius pollachius 3,Pollachius pollachius,Pollachius virens,marine,REASSIGN,Pollachius pollachius matches 98.8% vs assigned 98.2% (+0.6%),Pollachius pollachius,98.8,Pollachius pollachius
ASV279,Eukaryota,Chordata,Actinopteri,Perciformes,Liparidae,Liparis,Liparis montagui 1,Liparis montagui,Liparis montagui,marine,KEEP,Geographic CONFIRMED + sequence match (100.0%),Liparis montagui,100.0,Liparis montagui
ASV280,Eukaryota,Chordata,Actinopteri,Gobiiformes,Gobiidae,Gobiusculus,Gobiusculus sp. cf. flavescens 7,Gobiusculus sp. cf. flavescens 7,Gobiusculus flavescens,marine/brackish,DROP_TO_GENUS,Geographic CONFIRMED but missing congeners in DB - cannot validate,Gobiusculus flavescens,98.8,Gobiusculus sp. cf. flavescens
ASV281,Eukaryota,Chordata,Mammalia,Carnivora,Mustelidae,Lutra,Lutra lutra 1,Lutra lutra,Lutra lutra,marine/freshwater,KEEP,Geographic CONFIRMED + sequence match (100.0%),Lutra lutra,100.0,Lutra lutra
ASV282,Eukaryota,Chordata,Actinopteri,Perciformes,Anarhichadidae,Anarhichas,Anarhichas lupus 1,Anarhichas lupus,Anarhichas lupus,marine,KEEP,Geographic CONFIRMED + sequence match (100.0%),Anarhichas lupus,100.0,Anarhichas lupus
ASV283,Eukaryota,Chordata,Actinopteri,Labriformes,Labridae,Ctenolabrus,Ctenolabrus 1,Ctenolabrus 1,Ctenolabrus rupestris,marine/brackish,DROP_TO_GENUS,Geographic CONFIRMED but sequence only 92.4% (below 98.0% threshold),Ctenolabrus rupestris,92.4,Ctenolabrus
ASV284,Eukaryota,Chordata,Actinopteri,Scombriformes,Scombridae,Scomber,Scomber scombrus 3,Scomber scombrus,Scomber scombrus,marine/brackish,KEEP,Geographic CONFIRMED + sequence match (100.0%),Scomber scombrus,100.0,Scomber scombrus
ASV286,Eukaryota,Chordata,Actinopteri,Gobiiformes,Gobiidae,Gobiusculus,Gobiusculus sp. cf. flavescens 8,Gobiusculus sp. cf. flavescens 8,Gobiusculus flavescens,marine/brackish,DROP_TO_GENUS,Geographic CONFIRMED but missing congeners in DB - cannot validate,Gobiusculus flavescens,98.8,Gobiusculus sp. cf. flavescens
ASV287,Eukaryota,Chordata,Chondrichthyes,Carcharhiniformes,Scyliorhinidae,Galeus,Galeus melastomus 1,Galeus melastomus,Galeus melastomus,marine,KEEP,Geographic CONFIRMED + sequence match (100.0%),Galeus melastomus,100.0,Galeus melastomus
ASV289,Eukaryota,Chordata,Actinopteri,Gadiformes,Merlucciidae,Merluccius,Merluccius 1,Merluccius 1,,marine/brackish,DROP_TO_GENUS,"Unhandled case: occ=None, db=GENUS_ONLY",Merluccius merluccius,94.2,Merluccius
ASV290,Eukaryota,Chordata,Actinopteri,Cypriniformes,Leuciscidae,Phoxinus,Phoxinus 21,Phoxinus 21,,brackish/freshwater,DROP_TO_GENUS,"Unhandled case: occ=None, db=GENUS_ONLY",Phoxinus fayollarum,93.7,Phoxinus
ASV291,Eukaryota,Chordata,Actinopteri,Gadiformes,Lotidae,Lota,Lota sp. cf. lota 1,Lota sp. cf. lota 1,Lota lota,brackish/freshwater,DROP_TO_GENUS,Geographic CONFIRMED but missing congeners in DB - cannot validate,Lota lota,98.2,Lota sp. cf. lota
ASV292,Eukaryota,Chordata,Actinopteri,Cypriniformes,Leuciscidae,Phoxinus,Phoxinus 22,Phoxinus 22,,brackish/freshwater,DROP_TO_GENUS,"Unhandled case: occ=None, db=GENUS_ONLY",Phoxinus fayollarum,97.1,Phoxinus
ASV293,Eukaryota,Chordata,Actinopteri,Clupeiformes,Clupeidae,Clupea,Clupea 20,Clupea 20,,marine/brackish/freshwater,DROP_TO_GENUS,"Unhandled case: occ=None, db=GENUS_ONLY",Clupea pallasii,97.1,Clupea
ASV295,Eukaryota,Chordata,Actinopteri,Labriformes,Labridae,Ctenolabrus,Labriformes 1,Labriformes 1,Ctenolabrus rupestris,marine/brackish,DROP_TO_ORDER,Sequence only 86.9% - below family threshold (88.0%),Ctenolabrus rupestris,86.9,Labriformes
ASV296,Eukaryota,Chordata,Actinopteri,Labriformes,Labridae,Ctenolabrus,Labriformes 2,Labriformes 2,Ctenolabrus rupestris,marine/brackish,DROP_TO_ORDER,Sequence only 86.4% - below family threshold (88.0%),Ctenolabrus rupestris,86.4,Labriformes
ASV297,Eukaryota,Chordata,Aves,Galliformes,Phasianidae,Gallus,Gallus 1,Gallus 1,Gallus sonneratii,marine,DROP_TO_GENUS,Geographic DOUBTFUL + DB NO_CONGENERS,Gallus sonneratii,100.0,Gallus
ASV298,Eukaryota,Chordata,Actinopteri,Gadiformes,Gadidae,Pollachius,Gadiformes 1,Gadiformes 1,Pollachius virens,marine/brackish/freshwater,DROP_TO_ORDER,Sequence only 86.9% - below family threshold (88.0%),Pollachius virens,86.9,Gadiformes
ASV299,Eukaryota,Chordata,Actinopteri,Clupeiformes,Clupeidae,Clupea,Clupea sp. cf. harengus 28,Clupea sp. cf. harengus 28,Clupea harengus,marine/brackish/freshwater,DROP_TO_GENUS,Geographic CONFIRMED but sequence only 97.7% (below 98.0% threshold),Clupea harengus,97.7,Clupea sp. cf. harengus
ASV300,Eukaryota,Chordata,Actinopteri,Pleuronectiformes,Pleuronectidae,Platichthys,Platichthys 6,Platichthys 6,Platichthys stellatus,marine/brackish/freshwater,DROP_TO_GENUS,Geographic DOUBTFUL + sequence only 97.6%,Platichthys stellatus,97.6,Platichthys
ASV301,Eukaryota,Chordata,Actinopteri,Gadiformes,Gadidae,Pollachius,Pollachius 2,Pollachius 2,Pollachius pollachius,marine,DROP_TO_GENUS,Geographic CONFIRMED but sequence only 94.8% (below 98.0% threshold),Pollachius pollachius,94.8,Pollachius
ASV302,Eukaryota,Chordata,Actinopteri,Gobiiformes,Gobiidae,Gobiusculus,Gobiusculus sp. cf. flavescens 9,Gobiusculus sp. cf. flavescens 9,Gobiusculus flavescens,marine/brackish,DROP_TO_GENUS,Geographic CONFIRMED but missing congeners in DB - cannot validate,Gobiusculus flavescens,98.2,Gobiusculus sp. cf. flavescens
ASV303,Eukaryota,Chordata,Actinopteri,Salmoniformes,Salmonidae,Salmo,Salmo 6,Salmo 6,,marine/brackish/freshwater,DROP_TO_GENUS,"Unhandled case: occ=None, db=GENUS_ONLY",Salmo macrostigma,87.1,Salmo
ASV305,Eukaryota,Chordata,Actinopteri,Gadiformes,Gadidae,Gadus,Gadus morhua 4,Gadus morhua,Gadus morhua,marine/brackish,KEEP,"Geographic CONFIRMED, 98.8% match (monotypic/rare genus)",Gadus morhua,98.8,Gadus morhua
ASV307,Eukaryota,Chordata,Actinopteri,Cypriniformes,Leuciscidae,Phoxinus,Phoxinus 23,Phoxinus 23,,brackish/freshwater,DROP_TO_GENUS,"Unhandled case: occ=None, db=GENUS_ONLY",Phoxinus phoxinus,92.6,Phoxinus
ASV308,Eukaryota,Chordata,Actinopteri,Cypriniformes,Leuciscidae,Phoxinus,Phoxinus 24,Phoxinus 24,,brackish/freshwater,DROP_TO_GENUS,"Unhandled case: occ=None, db=GENUS_ONLY",Phoxinus fayollarum,97.1,Phoxinus
ASV309,Eukaryota,Chordata,Mammalia,Mammalia,Mammalia,Mammalia,Mammalia 3,Mammalia 3,,marine/brackish/freshwater/terrestrial,DROP_TO_GENUS,"Unhandled case: occ=None, db=GENUS_ONLY_NO_REF",,,Mammalia
ASV310,Eukaryota,Chordata,Actinopteri,Scombriformes,Scombridae,Scomber,Scomber sp. cf. scombrus 4,Scomber sp. cf. scombrus 4,Scomber scombrus,marine/brackish/freshwater,DROP_TO_GENUS,Geographic CONFIRMED but missing congeners in DB - cannot validate,Scomber scombrus,98.2,Scomber sp. cf. scombrus
ASV311,Eukaryota,Chordata,Actinopteri,Perciformes,Zoarcidae,Zoarces,Zoarces sp. cf. viviparus 1,Zoarces sp. cf. viviparus 1,Zoarces viviparus,marine/brackish,DROP_TO_GENUS,Geographic CONFIRMED but missing congeners in DB - cannot validate,Zoarces viviparus,98.8,Zoarces sp. cf. viviparus
ASV312,Eukaryota,Chordata,Actinopteri,Beloniformes,Belonidae,Belone,Belone belone 1,Belone belone,Belone belone,marine/brackish,KEEP,Geographic CONFIRMED + sequence match (100.0%),Belone belone,100.0,Belone belone
ASV314,Eukaryota,Chordata,Aves,Passeriformes,Turdidae,Turdidae,Turdidae 1,Turdidae 1,,marine/brackish/freshwater/terrestrial,DROP_TO_GENUS,"Unhandled case: occ=None, db=GENUS_ONLY_NO_REF",,,Turdidae
ASV315,Eukaryota,Chordata,Actinopteri,Perciformes,Gasterosteidae,Gasterosteus,Gasterosteidae 1,Gasterosteidae 1,Gasterosteus gymnurus,marine/brackish/freshwater,DROP_TO_FAMILY,Sequence only 91.7% - below genus threshold (92.0%),Gasterosteus gymnurus,91.7,Gasterosteidae
ASV316,Eukaryota,Chordata,Actinopteri,Actinopteri,Actinopteri,Actinopteri,Actinopteri 2,Actinopteri 2,,marine/brackish/freshwater,DROP_TO_GENUS,"Unhandled case: occ=None, db=GENUS_ONLY_NO_REF",,,Actinopteri
ASV317,Eukaryota,Chordata,Mammalia,Primates,Primates,Primates,Primates 1,Primates 1,,terrestrial,DROP_TO_GENUS,"Unhandled case: occ=None, db=GENUS_ONLY_NO_REF",,,Primates
ASV318,Eukaryota,Chordata,Actinopteri,Labriformes,Labridae,Ctenolabrus,Labriformes 3,Labriformes 3,Ctenolabrus rupestris,marine/brackish,DROP_TO_ORDER,Sequence only 85.8% - below family threshold (88.0%),Ctenolabrus rupestris,85.8,Labriformes
ASV319,Eukaryota,Chordata,Actinopteri,Clupeiformes,Clupeidae,Clupea,Clupea 21,Clupea 21,Clupea pallasii,marine/brackish/freshwater,DROP_TO_GENUS,Geographic POSSIBLE + sequence only 95.4%,Clupea pallasii,95.4,Clupea
ASV320,Eukaryota,Chordata,Actinopteri,Perciformes,Pholidae,Pholis,Pholis sp. cf. gunnellus 2,Pholis sp. cf. gunnellus 2,Pholis gunnellus,marine/brackish,DROP_TO_GENUS,Geographic CONFIRMED but missing congeners in DB - cannot validate,Pholis gunnellus,98.8,Pholis sp. cf. gunnellus
ASV321,Eukaryota,Chordata,Actinopteri,Pleuronectiformes,Pleuronectidae,Pleuronectidae,Pleuronectidae 4,Pleuronectidae 4,,marine/brackish/freshwater,DROP_TO_GENUS,"Unhandled case: occ=None, db=GENUS_ONLY_NO_REF",,,Pleuronectidae
ASV324,Eukaryota,Chordata,Actinopteri,Perciformes,Sebastidae,Helicolenus,Helicolenus 1,Helicolenus 1,Helicolenus hilgendorfi,marine,DROP_TO_GENUS,7498km away; local congener(s) match equally - likely local species,Helicolenus hilgendorfi,100.0,Helicolenus
ASV325,Eukaryota,Chordata,Actinopteri,Salmoniformes,Salmonidae,Salmo,Salmo 7,Salmo 7,,marine/brackish/freshwater,DROP_TO_GENUS,"Unhandled case: occ=None, db=GENUS_ONLY",Salmo salar,97.6,Salmo
ASV326,Eukaryota,Chordata,Actinopteri,Gadiformes,Lotidae,Lota,Lota sp. cf. lota 2,Lota sp. cf. lota 2,Lota lota,brackish/freshwater,DROP_TO_GENUS,Geographic CONFIRMED but missing congeners in DB - cannot validate,Lota lota,98.8,Lota sp. cf. lota
ASV327,Eukaryota,Chordata,Actinopteri,Clupeiformes,Clupeidae,Clupea,Clupeiformes 3,Clupeiformes 3,Clupea pallasii,marine/brackish/freshwater,DROP_TO_ORDER,Sequence only 87.2% - below family threshold (88.0%),Clupea pallasii,87.2,Clupeiformes
ASV328,Eukaryota,Chordata,Actinopteri,Gadiformes,Gadidae,Micromesistius,Micromesistius poutassou 1,Micromesistius poutassou,Micromesistius poutassou,marine,KEEP,Geographic CONFIRMED + sequence match (100.0%),Micromesistius poutassou,100.0,Micromesistius poutassou
ASV329,Eukaryota,Chordata,Actinopteri,Scombriformes,Scombridae,Scomber,Scomber sp. cf. scombrus 5,Scomber sp. cf. scombrus 5,Scomber scombrus,marine/brackish/freshwater,DROP_TO_GENUS,Geographic CONFIRMED but sequence only 97.1% (below 98.0% threshold),Scomber scombrus,97.1,Scomber sp. cf. scombrus
ASV330,Eukaryota,Chordata,Actinopteri,Gadiformes,Merlucciidae,Merluccius,Gadiformes 2,Gadiformes 2,Merluccius senegalensis,marine/brackish/freshwater,DROP_TO_ORDER,Sequence only 86.9% - below family threshold (88.0%),Merluccius capensis,97.0,Gadiformes
ASV332,Eukaryota,Chordata,Actinopteri,Gobiiformes,Gobiidae,Gobiusculus,Gobiusculus sp. cf. flavescens 10,Gobiusculus sp. cf. flavescens 10,Gobiusculus flavescens,marine/brackish,DROP_TO_GENUS,Geographic CONFIRMED but missing congeners in DB - cannot validate,Gobiusculus flavescens,98.2,Gobiusculus sp. cf. flavescens
ASV335,Eukaryota,Chordata,Actinopteri,Clupeiformes,Clupeidae,Clupea,Clupeiformes 4,Clupeiformes 4,Clupea pallasii,marine/brackish/freshwater,DROP_TO_ORDER,Sequence only 87.7% - below family threshold (88.0%),Clupea pallasii,87.7,Clupeiformes
ASV336,Eukaryota,Chordata,Mammalia,Primates,Hominidae,Homo,Homo 1,Homo 1,Homo heidelbergensis,terrestrial,DROP_TO_GENUS,Geographic DOUBTFUL + sequence only 93.6%,Homo heidelbergensis,93.6,Homo
ASV338,Eukaryota,Chordata,Actinopteri,Salmoniformes,Salmonidae,Salmo,Salmo 8,Salmo 8,,marine/brackish/freshwater,DROP_TO_GENUS,"Unhandled case: occ=None, db=GENUS_ONLY",Salmo caspius,92.5,Salmo
ASV339,Eukaryota,Chordata,Actinopteri,Salmoniformes,Salmonidae,Salvelinus,Salvelinus 6,Salvelinus 6,Salvelinus curilus,marine/brackish/freshwater,DROP_TO_GENUS,Geographic DOUBTFUL + sequence only 97.1%,Salvelinus boganidae,97.6,Salvelinus
ASV340,Eukaryota,Chordata,Actinopteri,Perciformes,Pholidae,Pholis,Pholis 5,Pholis 5,,marine/brackish,DROP_TO_GENUS,"Unhandled case: occ=None, db=GENUS_ONLY",Pholis gunnellus,98.2,Pholis
ASV346,Eukaryota,Chordata,Actinopteri,Labriformes,Labridae,Ctenolabrus,Labriformes 4,Labriformes 4,Ctenolabrus rupestris,marine/brackish,DROP_TO_ORDER,Sequence only 86.4% - below family threshold (88.0%),Ctenolabrus rupestris,86.4,Labriformes
ASV347,Eukaryota,Chordata,Actinopteri,Labriformes,Labridae,Ctenolabrus,Labriformes 5,Labriformes 5,Ctenolabrus rupestris,marine/brackish,DROP_TO_ORDER,Sequence only 86.9% - below family threshold (88.0%),Ctenolabrus rupestris,86.9,Labriformes
ASV351,Eukaryota,Chordata,Actinopteri,Salmoniformes,Salmonidae,Salmo,Salmo 9,Salmo 9,,marine/brackish/freshwater,DROP_TO_GENUS,"Unhandled case: occ=None, db=GENUS_ONLY",Salmo carpio,95.9,Salmo
ASV352,Eukaryota,Chordata,Actinopteri,Salmoniformes,Salmonidae,Salmo,Salmo 10,Salmo 10,,marine/brackish/freshwater,DROP_TO_GENUS,"Unhandled case: occ=None, db=GENUS_ONLY",Salmo caspius,88.2,Salmo
ASV353,Eukaryota,Chordata,Actinopteri,Gadiformes,Lotidae,Molva,Molva sp. cf. molva 5,Molva sp. cf. molva 5,Molva molva,marine,DROP_TO_GENUS,Geographic CONFIRMED but missing congeners in DB - cannot validate,Molva molva,99.3,Molva sp. cf. molva
ASV355,Eukaryota,Chordata,Aves,Anseriformes,Anatidae,Mergus,Mergus merganser 1,Mergus merganser,Mergus merganser,marine/brackish/freshwater/terrestrial,KEEP,Geographic CONFIRMED + sequence match (100.0%),Mergus merganser,100.0,Mergus merganser
ASV358,Eukaryota,Chordata,Actinopteri,Salmoniformes,Salmonidae,Salmo,Salmo 11,Salmo 11,Salmo labrax,marine/brackish/freshwater,DROP_TO_GENUS,Better DB match (Salmo trutta) not local; assigned only 98.8%,Salmo trutta,99.4,Salmo
ASV359,Eukaryota,Chordata,Aves,Passeriformes,Motacillidae,Motacilla,Motacilla tschutschensis 1,Motacilla tschutschensis,Motacilla tschutschensis,terrestrial,KEEP,Geographic CONFIRMED + sequence match (100.0%),Motacilla tschutschensis,100.0,Motacilla tschutschensis
ASV362,Eukaryota,Chordata,Actinopteri,Scombriformes,Scombridae,Scomber,Scomber sp. cf. scombrus 6,Scomber sp. cf. scombrus 6,Scomber scombrus,marine/brackish/freshwater,DROP_TO_GENUS,Geographic CONFIRMED but missing congeners in DB - cannot validate,Scomber scombrus,99.2,Scomber sp. cf. scombrus
ASV364,Eukaryota,Chordata,Actinopteri,Pleuronectiformes,Scophthalmidae,Zeugopterus,Scophthalmidae 1,Scophthalmidae 1,Zeugopterus norvegicus,marine/brackish,DROP_TO_FAMILY,Sequence only 91.1% - below genus threshold (92.0%),Zeugopterus norvegicus,91.1,Scophthalmidae
ASV365,Eukaryota,Chordata,Actinopteri,Pleuronectiformes,Pleuronectidae,Pleuronectidae,Pleuronectidae 5,Pleuronectidae 5,,marine/brackish/freshwater,DROP_TO_GENUS,"Unhandled case: occ=None, db=GENUS_ONLY_NO_REF",,,Pleuronectidae
ASV369,Eukaryota,Chordata,Actinopteri,Labriformes,Labridae,Ctenolabrus,Labriformes 6,Labriformes 6,Ctenolabrus rupestris,marine/brackish,DROP_TO_ORDER,Sequence only 85.8% - below family threshold (88.0%),Ctenolabrus rupestris,85.8,Labriformes
ASV370,Eukaryota,Chordata,Actinopteri,Gadiformes,Gadidae,Gadus,Gadiformes 3,Gadiformes 3,Gadus finnmarchicus,marine/brackish/freshwater,DROP_TO_ORDER,Sequence only 85.3% - below family threshold (88.0%),Gadus finnmarchicus,85.3,Gadiformes
ASV374,Eukaryota,Chordata,Mammalia,Mammalia,Mammalia,Mammalia,Mammalia 4,Mammalia 4,,marine/brackish/freshwater/terrestrial,DROP_TO_GENUS,"Unhandled case: occ=None, db=GENUS_ONLY_NO_REF",,,Mammalia
ASV376,Eukaryota,Chordata,Actinopteri,Cypriniformes,Leuciscidae,Phoxinus,Phoxinus 25,Phoxinus 25,,brackish/freshwater,DROP_TO_GENUS,"Unhandled case: occ=None, db=GENUS_ONLY",Phoxinus fayollarum,97.1,Phoxinus
ASV377,Eukaryota,Chordata,Actinopteri,Perciformes,Cottidae,Myoxocephalus,Perciformes 2,Perciformes 2,Myoxocephalus thompsonii,marine/brackish/freshwater,DROP_TO_ORDER,Sequence only 85.7% - below family threshold (88.0%),Myoxocephalus thompsonii,85.7,Perciformes
ASV378,Eukaryota,Chordata,Actinopteri,Syngnathiformes,Syngnathidae,Entelurus,Entelurus aequoreus 1,Entelurus aequoreus,Entelurus aequoreus,marine/brackish,KEEP,Geographic CONFIRMED + sequence match (100.0%),Entelurus aequoreus,100.0,Entelurus aequoreus
ASV379,Eukaryota,Chordata,Mammalia,Rodentia,Muridae,Apodemus,Apodemus sylvaticus 1,Apodemus sylvaticus,Apodemus sylvaticus,terrestrial,KEEP,"Geographic CONFIRMED, 100.0% match (monotypic/rare genus)",Apodemus sylvaticus,100.0,Apodemus sylvaticus
ASV385,Eukaryota,Chordata,Mammalia,Carnivora,Felidae,Felis,Felis 1,Felis 1,Felis margarita,freshwater/terrestrial,DROP_TO_GENUS,3799km away; local congener(s) match equally - likely local species,Felis margarita,99.4,Felis
ASV387,Eukaryota,Chordata,Actinopteri,Salmoniformes,Salmonidae,Salmo,Salmo 12,Salmo 12,Salmo labrax,marine/brackish/freshwater,DROP_TO_GENUS,Better DB match (Salmo trutta) not local; assigned only 98.2%,Salmo trutta,99.4,Salmo
ASV388,Eukaryota,Chordata,Actinopteri,Labriformes,Labridae,Symphodus,Symphodus sp. cf. melops 2,Symphodus sp. cf. melops 2,Symphodus melops,marine/brackish,DROP_TO_GENUS,Geographic CONFIRMED but sequence only 97.8% (below 98.0% threshold),Symphodus melops,97.8,Symphodus sp. cf. melops
ASV389,Eukaryota,Chordata,Mammalia,Rodentia,Muridae,Rattus,Rattus norvegicus 1,Rattus norvegicus,Rattus norvegicus,terrestrial,KEEP,Geographic CONFIRMED + sequence match (100.0%),Rattus norvegicus,100.0,Rattus norvegicus
ASV390,Eukaryota,Chordata,Actinopteri,Cypriniformes,Leuciscidae,Phoxinus,Phoxinus 26,Phoxinus 26,,brackish/freshwater,DROP_TO_GENUS,"Unhandled case: occ=None, db=GENUS_ONLY",Phoxinus fayollarum,97.1,Phoxinus
ASV397,Eukaryota,Chordata,Actinopteri,Salmoniformes,Salmonidae,Salmo,Salmo 13,Salmo 13,,marine/brackish/freshwater,DROP_TO_GENUS,"Unhandled case: occ=None, db=GENUS_ONLY",Salmo carpio,87.8,Salmo
ASV398,Eukaryota,Chordata,Actinopteri,Pleuronectiformes,Pleuronectidae,Pleuronectidae,Pleuronectidae 6,Pleuronectidae 6,,marine/brackish/freshwater,DROP_TO_GENUS,"Unhandled case: occ=None, db=GENUS_ONLY_NO_REF",,,Pleuronectidae
ASV399,Eukaryota,Chordata,Actinopteri,Clupeiformes,Clupeidae,Clupeidae,Clupeidae 1,Clupeidae 1,,marine/brackish/freshwater,DROP_TO_GENUS,"Unhandled case: occ=None, db=GENUS_ONLY_NO_REF",,,Clupeidae
ASV401,Eukaryota,Chordata,Actinopteri,Cypriniformes,Leuciscidae,Phoxinus,Phoxinus 27,Phoxinus 27,,brackish/freshwater,DROP_TO_GENUS,"Unhandled case: occ=None, db=GENUS_ONLY",Phoxinus fayollarum,97.1,Phoxinus
ASV403,Eukaryota,Chordata,Actinopteri,Labriformes,Labridae,Symphodus,Symphodus sp. cf. melops 3,Symphodus sp. cf. melops 3,Symphodus melops,marine/brackish,DROP_TO_GENUS,Geographic CONFIRMED but sequence only 97.8% (below 98.0% threshold),Symphodus melops,97.8,Symphodus sp. cf. melops
ASV404,Eukaryota,Chordata,Actinopteri,Pleuronectiformes,Pleuronectidae,Pleuronectidae,Pleuronectidae 7,Pleuronectidae 7,,marine/brackish/freshwater,DROP_TO_GENUS,"Unhandled case: occ=None, db=GENUS_ONLY_NO_REF",,,Pleuronectidae
ASV408,Eukaryota,Chordata,Actinopteri,Salmoniformes,Salmonidae,Salmo,Salmo 14,Salmo 14,,marine/brackish/freshwater,DROP_TO_GENUS,"Unhandled case: occ=None, db=GENUS_ONLY",Salmo labrax,95.3,Salmo
ASV411,Eukaryota,Chordata,Aves,Gaviiformes,Gaviidae,Gavia,Gavia stellata 1,Gavia stellata,Gavia stellata,marine/terrestrial,KEEP,Geographic CONFIRMED + sequence match (100.0%),Gavia stellata,100.0,Gavia stellata
ASV412,Eukaryota,Chordata,Actinopteri,Clupeiformes,Clupeidae,Clupeidae,Clupeidae 2,Clupeidae 2,,marine/brackish/freshwater,DROP_TO_GENUS,"Unhandled case: occ=None, db=GENUS_ONLY_NO_REF",,,Clupeidae
ASV415,Eukaryota,Chordata,Actinopteri,Gadiformes,Gadidae,Melanogrammus,Melanogrammus aeglefinus 3,Melanogrammus aeglefinus,Melanogrammus aeglefinus,marine,KEEP,Geographic CONFIRMED + sequence match (100.0%),Melanogrammus aeglefinus,100.0,Melanogrammus aeglefinus
ASV416,Eukaryota,Chordata,Mammalia,Eulipotyphla,Soricidae,Sorex,Sorex sp. cf. araneus 1,Sorex sp. cf. araneus 1,Sorex araneus,terrestrial,DROP_TO_GENUS,Geographic CONFIRMED but missing congeners in DB - cannot validate,Sorex araneus,98.9,Sorex sp. cf. araneus
ASV417,Eukaryota,Chordata,Actinopteri,Scombriformes,Scombridae,Scomber,Scomber sp. cf. scombrus 7,Scomber sp. cf. scombrus 7,Scomber scombrus,marine/brackish/freshwater,DROP_TO_GENUS,Geographic CONFIRMED but missing congeners in DB - cannot validate,Scomber scombrus,99.2,Scomber sp. cf. scombrus
ASV421,Eukaryota,Chordata,Actinopteri,Labriformes,Labridae,Ctenolabrus,Ctenolabrus 2,Ctenolabrus 2,Ctenolabrus rupestris,marine/brackish,DROP_TO_GENUS,Geographic CONFIRMED but sequence only 95.9% (below 98.0% threshold),Ctenolabrus rupestris,95.9,Ctenolabrus
ASV422,Eukaryota,Chordata,Actinopteri,Clupeiformes,Clupeidae,Clupea,Clupea 22,Clupea 22,,marine/brackish/freshwater,DROP_TO_GENUS,"Unhandled case: occ=None, db=GENUS_ONLY",Clupea pallasii,95.4,Clupea
ASV423,Eukaryota,Chordata,Actinopteri,Clupeiformes,Clupeidae,Clupeidae,Clupeidae 3,Clupeidae 3,,marine/brackish/freshwater,DROP_TO_GENUS,"Unhandled case: occ=None, db=GENUS_ONLY_NO_REF",,,Clupeidae
ASV424,Eukaryota,Chordata,Actinopteri,Perciformes,Gasterosteidae,Gasterosteus,Gasterosteus 2,Gasterosteus 2,Gasterosteus gymnurus,marine/brackish/freshwater,DROP_TO_GENUS,Geographic CONFIRMED but sequence only 95.3% (below 98.0% threshold),Gasterosteus gymnurus,95.3,Gasterosteus
ASV425,Eukaryota,Chordata,Actinopteri,Labriformes,Labridae,Ctenolabrus,Ctenolabrus 3,Ctenolabrus 3,Ctenolabrus rupestris,marine/brackish,DROP_TO_GENUS,Geographic CONFIRMED but sequence only 94.1% (below 98.0% threshold),Ctenolabrus rupestris,94.1,Ctenolabrus
ASV426,Eukaryota,Chordata,Actinopteri,Labriformes,Labridae,Ctenolabrus,Ctenolabrus 4,Ctenolabrus 4,Ctenolabrus rupestris,marine/brackish,DROP_TO_GENUS,Geographic CONFIRMED but sequence only 92.9% (below 98.0% threshold),Ctenolabrus rupestris,92.9,Ctenolabrus
ASV427,Eukaryota,Chordata,Actinopteri,Gadiformes,Gadidae,Pollachius,Pollachius 3,Pollachius 3,,marine,DROP_TO_GENUS,"Unhandled case: occ=None, db=GENUS_ONLY",Pollachius pollachius,93.0,Pollachius
ASV428,Eukaryota,Chordata,Actinopteri,Labriformes,Labridae,Ctenolabrus,Labriformes 7,Labriformes 7,Ctenolabrus rupestris,marine/brackish,DROP_TO_ORDER,Sequence only 81.2% - below family threshold (88.0%),Ctenolabrus rupestris,81.2,Labriformes
ASV429,Eukaryota,Chordata,Mammalia,Perissodactyla,Equidae,Equus,Equus caballus 1,Equus caballus,Equus caballus,terrestrial,KEEP,Geographic CONFIRMED + sequence match (100.0%),Equus caballus,100.0,Equus caballus
ASV432,Eukaryota,Chordata,Actinopteri,Gadiformes,Gadidae,Pollachius,Gadiformes 4,Gadiformes 4,Pollachius virens,marine/brackish/freshwater,DROP_TO_ORDER,Sequence only 86.4% - below family threshold (88.0%),Pollachius virens,86.4,Gadiformes
ASV433,Eukaryota,Chordata,Actinopteri,Perciformes,Pholidae,Pholis,Pholis 6,Pholis 6,,marine/brackish,DROP_TO_GENUS,"Unhandled case: occ=None, db=GENUS_ONLY",Pholis clemensi,97.0,Pholis
ASV434,Eukaryota,Chordata,Actinopteri,Salmoniformes,Salmonidae,Salmo,Salmo 15,Salmo 15,,marine/brackish/freshwater,DROP_TO_GENUS,"Unhandled case: occ=None, db=GENUS_ONLY",Salmo trutta,91.8,Salmo
ASV436,Eukaryota,Chordata,Actinopteri,Gobiiformes,Gobiidae,Pomatoschistus,Pomatoschistus 1,Pomatoschistus 1,Pomatoschistus pictus,marine/brackish/freshwater,DROP_TO_GENUS,Geographic CONFIRMED but sequence only 96.4% (below 98.0% threshold),Pomatoschistus pictus,96.4,Pomatoschistus
ASV437,Eukaryota,Chordata,Actinopteri,Perciformes,Gasterosteidae,Gasterosteus,Gasterosteus 3,Gasterosteus 3,,marine/brackish/freshwater,DROP_TO_GENUS,"Unhandled case: occ=None, db=GENUS_ONLY",Gasterosteus gymnurus,93.5,Gasterosteus
ASV438,Eukaryota,Chordata,Actinopteri,Actinopteri,Actinopteri,Actinopteri,Actinopteri 3,Actinopteri 3,,marine/brackish/freshwater,DROP_TO_GENUS,"Unhandled case: occ=None, db=GENUS_ONLY_NO_REF",,,Actinopteri
ASV439,Eukaryota,Chordata,Actinopteri,Clupeiformes,Clupeidae,Clupeidae,Clupeidae 4,Clupeidae 4,,marine/brackish/freshwater,DROP_TO_GENUS,"Unhandled case: occ=None, db=GENUS_ONLY_NO_REF",,,Clupeidae
ASV443,Eukaryota,Chordata,Actinopteri,Perciformes,Pholidae,Pholis,Pholis 7,Pholis 7,Pholis crassispina,marine/brackish,DROP_TO_GENUS,4982km away; local congener(s) match equally - likely local species,Pholis crassispina,98.2,Pholis
ASV444,Eukaryota,Chordata,Actinopteri,Perciformes,Pholidae,Pholis,Pholis 8,Pholis 8,Pholis crassispina,marine/brackish,DROP_TO_GENUS,4982km away; local congener(s) match equally - likely local species,Pholis crassispina,98.8,Pholis
ASV446,Eukaryota,Chordata,Actinopteri,Labriformes,Labridae,Ctenolabrus,Ctenolabrus 5,Ctenolabrus 5,Ctenolabrus rupestris,marine/brackish,DROP_TO_GENUS,Geographic CONFIRMED but sequence only 92.0% (below 98.0% threshold),Ctenolabrus rupestris,92.0,Ctenolabrus
ASV447,Eukaryota,Chordata,Actinopteri,Labriformes,Labridae,Labrus,Labrus sp. cf. mixtus 3,Labrus sp. cf. mixtus 3,Labrus mixtus,marine,DROP_TO_GENUS,Geographic CONFIRMED but sequence only 97.6% (below 98.0% threshold),Labrus mixtus,97.6,Labrus sp. cf. mixtus
ASV448,Eukaryota,Chordata,Mammalia,Primates,Hominidae,Homo,Homo 2,Homo 2,,terrestrial,DROP_TO_GENUS,"Unhandled case: occ=None, db=GENUS_ONLY",Homo sapiens,92.4,Homo
ASV449,Eukaryota,Chordata,Actinopteri,Salmoniformes,Salmonidae,Salmo,Salmo 16,Salmo 16,,marine/brackish/freshwater,DROP_TO_GENUS,"Unhandled case: occ=None, db=GENUS_ONLY",Salmo labrax,97.1,Salmo
ASV450,Eukaryota,Chordata,Actinopteri,Clupeiformes,Clupeidae,Clupea,Clupea 23,Clupea 23,Clupea pallasii,marine/brackish/freshwater,DROP_TO_GENUS,Geographic POSSIBLE + sequence only 95.4%,Clupea pallasii,95.4,Clupea
ASV451,Eukaryota,Chordata,Actinopteri,Gadiformes,Merlucciidae,Merluccius,Merlucciidae 1,Merlucciidae 1,Merluccius senegalensis,marine/brackish,DROP_TO_FAMILY,Sequence only 89.3% - below genus threshold (92.0%),Merluccius capensis,90.9,Merlucciidae
ASV452,Eukaryota,Chordata,Actinopteri,Labriformes,Labridae,Labrus,Labrus 1,Labrus 1,Labrus bergylta,marine,DROP_TO_GENUS,Geographic CONFIRMED but sequence only 93.5% (below 98.0% threshold),Labrus bergylta,93.5,Labrus
ASV453,Eukaryota,Chordata,Actinopteri,Gadiformes,Lotidae,Ciliata,Lotidae 1,Lotidae 1,Ciliata septentrionalis,marine/brackish,DROP_TO_FAMILY,Sequence only 91.2% - below genus threshold (92.0%),Ciliata mustela,91.8,Lotidae
ASV454,Eukaryota,Chordata,Actinopteri,Cypriniformes,Leuciscidae,Phoxinus,Phoxinus 28,Phoxinus 28,Phoxinus bigerri,brackish/freshwater,DROP_TO_GENUS,Geographic DOUBTFUL + sequence only 97.1%,Phoxinus bigerri,97.1,Phoxinus
ASV455,Eukaryota,Chordata,Actinopteri,Scombriformes,Scombriformes,Scombriformes,Scombriformes 1,Scombriformes 1,,marine/brackish/freshwater,DROP_TO_GENUS,"Unhandled case: occ=None, db=GENUS_ONLY_NO_REF",,,Scombriformes
ASV456,Eukaryota,Chordata,Actinopteri,Gadiformes,Gadidae,Pollachius,Pollachius 4,Pollachius 4,Pollachius virens,marine,DROP_TO_GENUS,Geographic CONFIRMED but sequence only 95.3% (below 98.0% threshold),Pollachius virens,95.3,Pollachius
ASV459,Eukaryota,Chordata,Actinopteri,Actinopteri,Actinopteri,Actinopteri,Actinopteri 4,Actinopteri 4,,marine/brackish/freshwater,DROP_TO_GENUS,"Unhandled case: occ=None, db=GENUS_ONLY_NO_REF",,,Actinopteri
ASV460,Eukaryota,Chordata,Actinopteri,Labriformes,Labridae,Labrus,Labridae 1,Labridae 1,Labrus mixtus,marine/brackish,DROP_TO_FAMILY,Sequence only 91.8% - below genus threshold (92.0%),Labrus mixtus,91.8,Labridae
ASV463,Eukaryota,Chordata,Actinopteri,Clupeiformes,Clupeidae,Clupea,Clupea 24,Clupea 24,Clupea pallasii,marine/brackish/freshwater,DROP_TO_GENUS,Geographic POSSIBLE + sequence only 94.2%,Clupea pallasii,94.2,Clupea
ASV464,Eukaryota,Chordata,Actinopteri,Pleuronectiformes,Scophthalmidae,Zeugopterus,Scophthalmidae 2,Scophthalmidae 2,Zeugopterus punctatus,marine/brackish,DROP_TO_FAMILY,Sequence only 91.1% - below genus threshold (92.0%),Zeugopterus punctatus,91.1,Scophthalmidae
ASV465,Eukaryota,Chordata,Actinopteri,Cypriniformes,Leuciscidae,Phoxinus,Phoxinus 29,Phoxinus 29,,brackish/freshwater,DROP_TO_GENUS,"Unhandled case: occ=None, db=GENUS_ONLY",Phoxinus bigerri,90.3,Phoxinus
ASV467,Eukaryota,Chordata,Actinopteri,Clupeiformes,Clupeidae,Clupea,Clupea 25,Clupea 25,Clupea harengus,marine/brackish/freshwater,DROP_TO_GENUS,Geographic CONFIRMED but sequence only 96.5% (below 98.0% threshold),Clupea harengus,96.5,Clupea
ASV468,Eukaryota,Chordata,Actinopteri,Cypriniformes,Leuciscidae,Phoxinus,Phoxinus 30,Phoxinus 30,,brackish/freshwater,DROP_TO_GENUS,"Unhandled case: occ=None, db=GENUS_ONLY",Phoxinus fayollarum,97.1,Phoxinus
ASV469,Eukaryota,Chordata,Actinopteri,Cypriniformes,Leuciscidae,Phoxinus,Phoxinus 31,Phoxinus 31,,brackish/freshwater,DROP_TO_GENUS,"Unhandled case: occ=None, db=GENUS_ONLY",Phoxinus phoxinus,94.9,Phoxinus
ASV470,Eukaryota,Chordata,Actinopteri,Gadiformes,Merlucciidae,Merluccius,Merlucciidae 2,Merlucciidae 2,Merluccius senegalensis,marine/brackish,DROP_TO_FAMILY,Sequence only 91.7% - below genus threshold (92.0%),Merluccius merluccius,91.8,Merlucciidae
ASV471,Eukaryota,Chordata,Actinopteri,Perciformes,Pholidae,Pholis,Pholis 9,Pholis 9,,marine/brackish,DROP_TO_GENUS,"Unhandled case: occ=None, db=GENUS_ONLY",Pholis clemensi,96.4,Pholis
ASV472,Eukaryota,Chordata,Actinopteri,Labriformes,Labridae,Symphodus,Symphodus 1,Symphodus 1,,marine/brackish,DROP_TO_GENUS,"Unhandled case: occ=None, db=GENUS_ONLY",Symphodus melops,89.1,Symphodus
ASV474,Eukaryota,Chordata,Actinopteri,Perciformes,Cottidae,Myoxocephalus,Myoxocephalus 1,Myoxocephalus 1,Myoxocephalus quadricornis,marine/brackish/freshwater,DROP_TO_GENUS,Geographic PLAUSIBLE but sequence only 95.9% (below 98.0% threshold),Myoxocephalus quadricornis,95.9,Myoxocephalus
ASV475,Eukaryota,Chordata,Actinopteri,Labriformes,Labridae,Labrus,Labrus 2,Labrus 2,Labrus mixtus,marine,DROP_TO_GENUS,Geographic CONFIRMED but sequence only 94.1% (below 98.0% threshold),Labrus mixtus,94.1,Labrus
ASV477,Eukaryota,Chordata,Actinopteri,Gadiformes,Lotidae,Molva,Molva sp. cf. molva 6,Molva sp. cf. molva 6,Molva molva,marine,DROP_TO_GENUS,Geographic CONFIRMED but missing congeners in DB - cannot validate,Molva molva,99.3,Molva sp. cf. molva
ASV478,Eukaryota,Chordata,Actinopteri,Clupeiformes,Clupeidae,Clupea,Clupea 26,Clupea 26,Clupea pallasii,marine/brackish/freshwater,DROP_TO_GENUS,800km from known range with 60 local congener(s),Clupea pallasii,98.3,Clupea
ASV479,Eukaryota,Chordata,Actinopteri,Cypriniformes,Leuciscidae,Phoxinus,Phoxinus 32,Phoxinus 32,,brackish/freshwater,DROP_TO_GENUS,"Unhandled case: occ=None, db=GENUS_ONLY",Phoxinus bigerri,97.7,Phoxinus
ASV481,Eukaryota,Chordata,Actinopteri,Perciformes,Pholidae,Pholis,Pholis sp. cf. gunnellus 3,Pholis sp. cf. gunnellus 3,Pholis gunnellus,marine/brackish,DROP_TO_GENUS,Geographic CONFIRMED but missing congeners in DB - cannot validate,Pholis gunnellus,98.2,Pholis sp. cf. gunnellus
ASV482,Eukaryota,Chordata,Actinopteri,Gadiformes,Merlucciidae,Merluccius,Merluccius 2,Merluccius 2,,marine/brackish,DROP_TO_GENUS,"Unhandled case: occ=None, db=GENUS_ONLY",Merluccius capensis,90.2,Merluccius
